"ISO3","Year","csmf_malaria_01to04"
"AFG","2000",0.00362293518396525
"AFG","2001",0.00343809505137122
"AFG","2002",0.00454881181281216
"AFG","2003",0.00437156383277984
"AFG","2004",0.00172040617403502
"AFG","2005",0.000891306385939812
"AFG","2006",0.000912803004995058
"AFG","2007",0.00114528897619206
"AFG","2008",0.000803242790207742
"AFG","2009",0.000663777742187311
"AFG","2010",0.000747324308387984
"AFG","2011",0.00101701488264222
"AFG","2012",0.000496483161129547
"AFG","2013",0.000798286365455423
"AFG","2014",0.000866920852849273
"AFG","2015",0.00105025433460086
"AFG","2016",0.00240980564646627
"AFG","2017",0.00262242145217224
"AFG","2018",0.00203350361240477
"AFG","2019",0.00125132637284396
"AFG","2020",0.000750960343248143
"AFG","2021",0.000695652173913044
"AGO","2000",0.1639987285102
"AGO","2001",0.181299081848921
"AGO","2002",0.164774144039677
"AGO","2003",0.158700846250069
"AGO","2004",0.169096474327227
"AGO","2005",0.167278950214085
"AGO","2006",0.156266038852402
"AGO","2007",0.145215600819305
"AGO","2008",0.121704361284563
"AGO","2009",0.103751350837026
"AGO","2010",0.0957761027234735
"AGO","2011",0.0902422059762129
"AGO","2012",0.0877289655347846
"AGO","2013",0.0903742721994777
"AGO","2014",0.0969646345675517
"AGO","2015",0.10567692269514
"AGO","2016",0.116720194798562
"AGO","2017",0.13430384860041
"AGO","2018",0.149137184119984
"AGO","2019",0.164538434633185
"AGO","2020",0.161953238322988
"AGO","2021",0.16088096936367
"ALB","2000",0
"ALB","2001",0
"ALB","2002",0
"ALB","2003",0
"ALB","2004",0
"ALB","2005",0
"ALB","2006",0
"ALB","2007",0
"ALB","2008",0
"ALB","2009",0
"ALB","2010",0
"ALB","2011",0
"ALB","2012",0
"ALB","2013",0
"ALB","2014",0
"ALB","2015",0
"ALB","2016",0
"ALB","2017",0
"ALB","2018",0
"ALB","2019",0
"ALB","2020",0
"ALB","2021",0
"AND","2000",0
"AND","2001",0
"AND","2002",0
"AND","2003",0
"AND","2004",0
"AND","2005",0
"AND","2006",0
"AND","2007",0
"AND","2008",0
"AND","2009",0
"AND","2010",0
"AND","2011",0
"AND","2012",0
"AND","2013",0
"AND","2014",0
"AND","2015",0
"AND","2016",0
"AND","2017",0
"AND","2018",0
"AND","2019",0
"AND","2020",0
"AND","2021",0
"ARE","2000",0
"ARE","2001",0
"ARE","2002",0
"ARE","2003",0
"ARE","2004",0
"ARE","2005",0
"ARE","2006",0
"ARE","2007",0
"ARE","2008",0
"ARE","2009",0
"ARE","2010",0
"ARE","2011",0
"ARE","2012",0
"ARE","2013",0
"ARE","2014",0
"ARE","2015",0
"ARE","2016",0
"ARE","2017",0
"ARE","2018",0
"ARE","2019",0
"ARE","2020",0
"ARE","2021",0
"ARG","2000",0
"ARG","2001",0
"ARG","2002",0
"ARG","2003",0
"ARG","2004",0
"ARG","2005",0
"ARG","2006",0
"ARG","2007",0
"ARG","2008",0
"ARG","2009",0
"ARG","2010",0
"ARG","2011",0
"ARG","2012",0
"ARG","2013",0
"ARG","2014",0
"ARG","2015",0
"ARG","2016",0
"ARG","2017",0
"ARG","2018",0
"ARG","2019",0
"ARG","2020",0
"ARG","2021",0
"ARM","2000",0
"ARM","2001",0
"ARM","2002",0
"ARM","2003",0
"ARM","2004",0
"ARM","2005",0
"ARM","2006",0
"ARM","2007",0
"ARM","2008",0
"ARM","2009",0
"ARM","2010",0
"ARM","2011",0
"ARM","2012",0
"ARM","2013",0
"ARM","2014",0
"ARM","2015",0
"ARM","2016",0
"ARM","2017",0
"ARM","2018",0
"ARM","2019",0
"ARM","2020",0
"ARM","2021",0
"ATG","2000",0
"ATG","2001",0
"ATG","2002",0
"ATG","2003",0
"ATG","2004",0
"ATG","2005",0
"ATG","2006",0
"ATG","2007",0
"ATG","2008",0
"ATG","2009",0
"ATG","2010",0
"ATG","2011",0
"ATG","2012",0
"ATG","2013",0
"ATG","2014",0
"ATG","2015",0
"ATG","2016",0
"ATG","2017",0
"ATG","2018",0
"ATG","2019",0
"ATG","2020",0
"ATG","2021",0
"AUS","2000",0
"AUS","2001",0
"AUS","2002",0
"AUS","2003",0
"AUS","2004",0
"AUS","2005",0
"AUS","2006",0
"AUS","2007",0
"AUS","2008",0
"AUS","2009",0
"AUS","2010",0.00501537467797802
"AUS","2011",0
"AUS","2012",0
"AUS","2013",0
"AUS","2014",0
"AUS","2015",0
"AUS","2016",0
"AUS","2017",0
"AUS","2018",0
"AUS","2019",0
"AUS","2020",0
"AUS","2021",0
"AUT","2000",0
"AUT","2001",0
"AUT","2002",0
"AUT","2003",0
"AUT","2004",0
"AUT","2005",0
"AUT","2006",0
"AUT","2007",0
"AUT","2008",0
"AUT","2009",0
"AUT","2010",0
"AUT","2011",0
"AUT","2012",0
"AUT","2013",0
"AUT","2014",0
"AUT","2015",0
"AUT","2016",0
"AUT","2017",0
"AUT","2018",0
"AUT","2019",0
"AUT","2020",0
"AUT","2021",0
"AZE","2000",0
"AZE","2001",0
"AZE","2002",0
"AZE","2003",0
"AZE","2004",0
"AZE","2005",0
"AZE","2006",0
"AZE","2007",0
"AZE","2008",0
"AZE","2009",0
"AZE","2010",0
"AZE","2011",0
"AZE","2012",0
"AZE","2013",0
"AZE","2014",0
"AZE","2015",0
"AZE","2016",0
"AZE","2017",0
"AZE","2018",0
"AZE","2019",0
"AZE","2020",0
"AZE","2021",0
"BDI","2000",0.292121119014431
"BDI","2001",0.285992220280479
"BDI","2002",0.299254352204799
"BDI","2003",0.219435569235643
"BDI","2004",0.212434235984795
"BDI","2005",0.163902044641127
"BDI","2006",0.154173134286541
"BDI","2007",0.132117327657439
"BDI","2008",0.100894929001871
"BDI","2009",0.0960696781861357
"BDI","2010",0.0952945406378749
"BDI","2011",0.0957563893043302
"BDI","2012",0.113388246937585
"BDI","2013",0.11799487476451
"BDI","2014",0.131506023337502
"BDI","2015",0.141574239123967
"BDI","2016",0.166582519032999
"BDI","2017",0.183861373023837
"BDI","2018",0.21866163958391
"BDI","2019",0.220436742626913
"BDI","2020",0.243394768641095
"BDI","2021",0.232398189311496
"BEL","2000",0
"BEL","2001",0
"BEL","2002",0
"BEL","2003",0
"BEL","2004",0
"BEL","2005",0
"BEL","2006",0
"BEL","2007",0
"BEL","2008",0
"BEL","2009",0
"BEL","2010",0
"BEL","2011",0
"BEL","2012",0
"BEL","2013",0
"BEL","2014",0
"BEL","2015",0
"BEL","2016",0
"BEL","2017",0
"BEL","2018",0
"BEL","2019",0
"BEL","2020",0
"BEL","2021",0
"BEN","2000",0.185643890485927
"BEN","2001",0.249011570488817
"BEN","2002",0.287029403508285
"BEN","2003",0.353008713879965
"BEN","2004",0.408898091178108
"BEN","2005",0.484059188219699
"BEN","2006",0.529882230793371
"BEN","2007",0.508568147481662
"BEN","2008",0.420121097544887
"BEN","2009",0.376863671192342
"BEN","2010",0.332151930942366
"BEN","2011",0.302979125009148
"BEN","2012",0.29456160957213
"BEN","2013",0.299913443250447
"BEN","2014",0.3136169872944
"BEN","2015",0.362186371791481
"BEN","2016",0.406280032389819
"BEN","2017",0.406439816421311
"BEN","2018",0.383369160862477
"BEN","2019",0.389262736667268
"BEN","2020",0.373134495691254
"BEN","2021",0.385408473165316
"BFA","2000",0.628818709060968
"BFA","2001",0.667234852859649
"BFA","2002",0.639747267510191
"BFA","2003",0.603054503943183
"BFA","2004",0.544121331906115
"BFA","2005",0.489449088654961
"BFA","2006",0.493754557462656
"BFA","2007",0.510895993005426
"BFA","2008",0.564513174457221
"BFA","2009",0.616981671036353
"BFA","2010",0.621804869160727
"BFA","2011",0.60379659944857
"BFA","2012",0.544809762033031
"BFA","2013",0.455404245480046
"BFA","2014",0.425098296844709
"BFA","2015",0.386033722852245
"BFA","2016",0.330869251571844
"BFA","2017",0.320594393378778
"BFA","2018",0.323412770662005
"BFA","2019",0.322423434036341
"BFA","2020",0.341932448425842
"BFA","2021",0.353655121691333
"BGD","2000",0.000298279218696835
"BGD","2001",0.000325638310048201
"BGD","2002",0.000358708329247398
"BGD","2003",0.00039510369568463
"BGD","2004",0.000415341246247401
"BGD","2005",0.000454100527328735
"BGD","2006",0.000331704747852378
"BGD","2007",0.000714053938277453
"BGD","2008",0.000775090406791645
"BGD","2009",0.000591583067296931
"BGD","2010",0.00057510839613274
"BGD","2011",0.000579495794453696
"BGD","2012",0.000349397618431465
"BGD","2013",0.000341018896018041
"BGD","2014",0.000790096093167624
"BGD","2015",0.000545471022592531
"BGD","2016",0.000384612398392233
"BGD","2017",0.000393286592836448
"BGD","2018",0.00012998715308059
"BGD","2019",0.000270095219136648
"BGD","2020",8.42707897987494e-05
"BGD","2021",8.88572951839346e-05
"BGR","2000",0
"BGR","2001",0
"BGR","2002",0
"BGR","2003",0
"BGR","2004",0
"BGR","2005",0
"BGR","2006",0
"BGR","2007",0
"BGR","2008",0
"BGR","2009",0
"BGR","2010",0
"BGR","2011",0
"BGR","2012",0
"BGR","2013",0
"BGR","2014",0
"BGR","2015",0
"BGR","2016",0
"BGR","2017",0
"BGR","2018",0
"BGR","2019",0
"BGR","2020",0
"BGR","2021",0
"BHR","2000",0
"BHR","2001",0
"BHR","2002",0
"BHR","2003",0
"BHR","2004",0
"BHR","2005",0
"BHR","2006",0
"BHR","2007",0
"BHR","2008",0
"BHR","2009",0
"BHR","2010",0
"BHR","2011",0
"BHR","2012",0
"BHR","2013",0
"BHR","2014",0
"BHR","2015",0
"BHR","2016",0
"BHR","2017",0
"BHR","2018",0
"BHR","2019",0
"BHR","2020",0
"BHR","2021",0
"BHS","2000",0
"BHS","2001",0
"BHS","2002",0
"BHS","2003",0
"BHS","2004",0
"BHS","2005",0
"BHS","2006",0
"BHS","2007",0
"BHS","2008",0
"BHS","2009",0
"BHS","2010",0
"BHS","2011",0
"BHS","2012",0
"BHS","2013",0
"BHS","2014",0
"BHS","2015",0
"BHS","2016",0
"BHS","2017",0
"BHS","2018",0
"BHS","2019",0
"BHS","2020",0
"BHS","2021",0
"BIH","2000",0
"BIH","2001",0
"BIH","2002",0
"BIH","2003",0
"BIH","2004",0
"BIH","2005",0
"BIH","2006",0
"BIH","2007",0
"BIH","2008",0
"BIH","2009",0
"BIH","2010",0
"BIH","2011",0
"BIH","2012",0
"BIH","2013",0
"BIH","2014",0
"BIH","2015",0
"BIH","2016",0
"BIH","2017",0
"BIH","2018",0
"BIH","2019",0
"BIH","2020",0
"BIH","2021",0
"BLR","2000",0
"BLR","2001",0
"BLR","2002",0
"BLR","2003",0
"BLR","2004",0
"BLR","2005",0
"BLR","2006",0
"BLR","2007",0
"BLR","2008",0
"BLR","2009",0
"BLR","2010",0
"BLR","2011",0
"BLR","2012",0
"BLR","2013",0
"BLR","2014",0
"BLR","2015",0
"BLR","2016",0
"BLR","2017",0
"BLR","2018",0
"BLR","2019",0
"BLR","2020",0
"BLR","2021",0
"BLZ","2000",0
"BLZ","2001",0
"BLZ","2002",0
"BLZ","2003",0
"BLZ","2004",0
"BLZ","2005",0
"BLZ","2006",0
"BLZ","2007",0
"BLZ","2008",0
"BLZ","2009",0
"BLZ","2010",0
"BLZ","2011",0
"BLZ","2012",0
"BLZ","2013",0
"BLZ","2014",0
"BLZ","2015",0
"BLZ","2016",0
"BLZ","2017",0
"BLZ","2018",0
"BLZ","2019",0
"BLZ","2020",0
"BLZ","2021",0
"BOL","2000",0.000415775877839177
"BOL","2001",0.000185278308391673
"BOL","2002",0.000201886000288839
"BOL","2003",0.000220928153688209
"BOL","2004",0.000241847229236375
"BOL","2005",0.000264882298348687
"BOL","2006",0.000433526116461562
"BOL","2007",0.000310098480851202
"BOL","2008",0.00016759691691751
"BOL","2009",0.00018041438877468
"BOL","2010",0.000387295260812368
"BOL","2011",0
"BOL","2012",0
"BOL","2013",0.000235338926035067
"BOL","2014",0
"BOL","2015",0
"BOL","2016",0
"BOL","2017",0
"BOL","2018",0
"BOL","2019",0
"BOL","2020",0.000321123689657345
"BOL","2021",0
"BRA","2000",0.000995007168212646
"BRA","2001",0.000625122088137185
"BRA","2002",0.00045066311123843
"BRA","2003",0.000546655879262718
"BRA","2004",0.000614217822702737
"BRA","2005",0.000785340322736397
"BRA","2006",0.000759565773099837
"BRA","2007",0.000729470627364184
"BRA","2008",0.000567794673920539
"BRA","2009",0.000777827822706788
"BRA","2010",0.000738648696386035
"BRA","2011",0.000686467430438799
"BRA","2012",0.000617723912323282
"BRA","2013",0.000396923835888803
"BRA","2014",0.000410867449481128
"BRA","2015",0.000363032878894042
"BRA","2016",0.000344267936633236
"BRA","2017",0.000395145359901745
"BRA","2018",0.000679540182727267
"BRA","2019",0.000447252197566418
"BRA","2020",0.00051466804283733
"BRA","2021",0.000658052170348545
"BRB","2000",0
"BRB","2001",0
"BRB","2002",0
"BRB","2003",0
"BRB","2004",0
"BRB","2005",0
"BRB","2006",0
"BRB","2007",0
"BRB","2008",0
"BRB","2009",0
"BRB","2010",0
"BRB","2011",0
"BRB","2012",0
"BRB","2013",0
"BRB","2014",0
"BRB","2015",0
"BRB","2016",0
"BRB","2017",0
"BRB","2018",0
"BRB","2019",0
"BRB","2020",0
"BRB","2021",0
"BRN","2000",0
"BRN","2001",0
"BRN","2002",0
"BRN","2003",0
"BRN","2004",0
"BRN","2005",0
"BRN","2006",0
"BRN","2007",0
"BRN","2008",0
"BRN","2009",0
"BRN","2010",0
"BRN","2011",0
"BRN","2012",0
"BRN","2013",0
"BRN","2014",0
"BRN","2015",0
"BRN","2016",0
"BRN","2017",0
"BRN","2018",0
"BRN","2019",0
"BRN","2020",0
"BRN","2021",0
"BTN","2000",0.00423335430383022
"BTN","2001",0.0046388966838635
"BTN","2002",0.00339734958128456
"BTN","2003",0.00577649491933402
"BTN","2004",0.00215165594712341
"BTN","2005",0.00230026731225396
"BTN","2006",0.00251097669146005
"BTN","2007",0
"BTN","2008",0
"BTN","2009",0
"BTN","2010",0
"BTN","2011",0
"BTN","2012",0
"BTN","2013",0
"BTN","2014",0
"BTN","2015",0
"BTN","2016",0
"BTN","2017",0
"BTN","2018",0
"BTN","2019",0
"BTN","2020",0
"BTN","2021",0
"BWA","2000",0.00378787878787879
"BWA","2001",0.00128700128700129
"BWA","2002",0.000662690523525514
"BWA","2003",0
"BWA","2004",0
"BWA","2005",0
"BWA","2006",0.000822706705059646
"BWA","2007",0
"BWA","2008",0.000419639110365086
"BWA","2009",0.00044762757385855
"BWA","2010",0.000481231953801732
"BWA","2011",0
"BWA","2012",0
"BWA","2013",0
"BWA","2014",0.000658761528326746
"BWA","2015",0
"BWA","2016",0
"BWA","2017",0.000850340136054422
"BWA","2018",0
"BWA","2019",0
"BWA","2020",0
"BWA","2021",0
"CAF","2000",0.269492567685196
"CAF","2001",0.292237488461215
"CAF","2002",0.335665438924694
"CAF","2003",0.379887258578808
"CAF","2004",0.381559762782199
"CAF","2005",0.428895252159536
"CAF","2006",0.438328236794545
"CAF","2007",0.427635080492469
"CAF","2008",0.399537640475293
"CAF","2009",0.429370280460907
"CAF","2010",0.399766798407993
"CAF","2011",0.365825064172109
"CAF","2012",0.376042666895555
"CAF","2013",0.341868881647598
"CAF","2014",0.367072597062708
"CAF","2015",0.349087853774977
"CAF","2016",0.33397395462605
"CAF","2017",0.34284515656341
"CAF","2018",0.345188367436307
"CAF","2019",0.318427347852357
"CAF","2020",0.308797277890889
"CAF","2021",0.348923111969798
"CAN","2000",0
"CAN","2001",0
"CAN","2002",0
"CAN","2003",0
"CAN","2004",0
"CAN","2005",0
"CAN","2006",0
"CAN","2007",0
"CAN","2008",0
"CAN","2009",0
"CAN","2010",0
"CAN","2011",0
"CAN","2012",0
"CAN","2013",0
"CAN","2014",0
"CAN","2015",0
"CAN","2016",0
"CAN","2017",0
"CAN","2018",0
"CAN","2019",0
"CAN","2020",0
"CAN","2021",0
"CHE","2000",0
"CHE","2001",0
"CHE","2002",0
"CHE","2003",0
"CHE","2004",0
"CHE","2005",0
"CHE","2006",0
"CHE","2007",0
"CHE","2008",0
"CHE","2009",0
"CHE","2010",0
"CHE","2011",0
"CHE","2012",0
"CHE","2013",0
"CHE","2014",0
"CHE","2015",0
"CHE","2016",0
"CHE","2017",0
"CHE","2018",0
"CHE","2019",0
"CHE","2020",0
"CHE","2021",0
"CHL","2000",0
"CHL","2001",0
"CHL","2002",0
"CHL","2003",0
"CHL","2004",0
"CHL","2005",0
"CHL","2006",0
"CHL","2007",0
"CHL","2008",0
"CHL","2009",0
"CHL","2010",0
"CHL","2011",0
"CHL","2012",0
"CHL","2013",0
"CHL","2014",0
"CHL","2015",0
"CHL","2016",0
"CHL","2017",0
"CHL","2018",0
"CHL","2019",0
"CHL","2020",0
"CHL","2021",0
"CHN","2000",3.10294932140127e-05
"CHN","2001",2.37089015353882e-05
"CHN","2002",4.13262267674991e-05
"CHN","2003",5.56092898338639e-05
"CHN","2004",3.33990289465096e-05
"CHN","2005",6.06274638893737e-05
"CHN","2006",5.21847874450744e-05
"CHN","2007",2.75730235765208e-05
"CHN","2008",3.59223329926427e-05
"CHN","2009",1.47702089529414e-05
"CHN","2010",3.05657493094216e-05
"CHN","2011",5.68854114975302e-05
"CHN","2012",0
"CHN","2013",0
"CHN","2014",0
"CHN","2015",0
"CHN","2016",0
"CHN","2017",0
"CHN","2018",0
"CHN","2019",0
"CHN","2020",0
"CHN","2021",0
"CMR","2000",0.192878403695897
"CMR","2001",0.253292172282524
"CMR","2002",0.264670913428145
"CMR","2003",0.283757836739777
"CMR","2004",0.293610962147202
"CMR","2005",0.289527833152043
"CMR","2006",0.272886510500803
"CMR","2007",0.232594131873784
"CMR","2008",0.192068393580054
"CMR","2009",0.176763045560772
"CMR","2010",0.166173333849448
"CMR","2011",0.159699794703364
"CMR","2012",0.167826171265154
"CMR","2013",0.176962295311099
"CMR","2014",0.182667704949314
"CMR","2015",0.188475863474567
"CMR","2016",0.189809586443211
"CMR","2017",0.187937200035516
"CMR","2018",0.18697631309723
"CMR","2019",0.1816856896031
"CMR","2020",0.192541350310594
"CMR","2021",0.195840697327337
"COD","2000",0.300895801523003
"COD","2001",0.316413895883546
"COD","2002",0.29593095131314
"COD","2003",0.351111074601847
"COD","2004",0.395747839075028
"COD","2005",0.362699907196017
"COD","2006",0.453004545071519
"COD","2007",0.464563152392382
"COD","2008",0.343283873969377
"COD","2009",0.399913051146351
"COD","2010",0.341191913833268
"COD","2011",0.339023748743667
"COD","2012",0.263202899668988
"COD","2013",0.231764891656835
"COD","2014",0.261250009699342
"COD","2015",0.259658567894071
"COD","2016",0.294620804085613
"COD","2017",0.283096811868065
"COD","2018",0.339508383586993
"COD","2019",0.299860518781216
"COD","2020",0.324090731814558
"COD","2021",0.360062875058413
"COG","2000",0.113567449051588
"COG","2001",0.188693458220106
"COG","2002",0.155667233515626
"COG","2003",0.161528146557645
"COG","2004",0.162433005986377
"COG","2005",0.163248165224059
"COG","2006",0.145157046220617
"COG","2007",0.132633892567974
"COG","2008",0.114740709303255
"COG","2009",0.116536907884368
"COG","2010",0.113815489978287
"COG","2011",0.110459438629899
"COG","2012",0.111470884262528
"COG","2013",0.128355229997335
"COG","2014",0.127319107820511
"COG","2015",0.123789142934589
"COG","2016",0.132443544721588
"COG","2017",0.136082602145529
"COG","2018",0.164293057051544
"COG","2019",0.137434391785352
"COG","2020",0.161049575307081
"COG","2021",0.156762044074296
"COK","2000",0
"COK","2001",0
"COK","2002",0
"COK","2003",0
"COK","2004",0
"COK","2005",0
"COK","2006",0
"COK","2007",0
"COK","2008",0
"COK","2009",0
"COK","2010",0
"COK","2011",0
"COK","2012",0
"COK","2013",0
"COK","2014",0
"COK","2015",0
"COK","2016",0
"COK","2017",0
"COK","2018",0
"COK","2019",0
"COK","2020",0
"COK","2021",0
"COL","2000",0.00287356315357103
"COL","2001",0.00412456183772941
"COL","2002",0.00407987978069653
"COL","2003",0.00302792423994917
"COL","2004",0.00339578445717514
"COL","2005",0.00245037977490812
"COL","2006",0.00218340613501707
"COL","2007",0.00202347223752403
"COL","2008",0.00169515467624111
"COL","2009",0.000888099484014462
"COL","2010",0.00139729858141129
"COL","2011",0.000811293192149526
"COL","2012",0.000845165648196434
"COL","2013",0.000352050699130516
"COL","2014",0.000549551203925009
"COL","2015",0.00076190474467052
"COL","2016",0.00158667189950831
"COL","2017",0.000822706675967152
"COL","2018",0.00042689432854816
"COL","2019",0
"COL","2020",0.000227324383863833
"COL","2021",0.000467726830975449
"COM","2000",0.0250991667126291
"COM","2001",0.026596660933955
"COM","2002",0.0303871607983821
"COM","2003",0.0301532446256607
"COM","2004",0.0308708534340308
"COM","2005",0.0287059936152344
"COM","2006",0.0289749949183317
"COM","2007",0.0330667158246858
"COM","2008",0.033256880733945
"COM","2009",0.0346672523912443
"COM","2010",0.0367013011756113
"COM","2011",0.0223969134746249
"COM","2012",0.0572819542208631
"COM","2013",0.0651205641411369
"COM","2014",0.00134535146134662
"COM","2015",0
"COM","2016",0
"COM","2017",0.00150991049967662
"COM","2018",0.015670161185222
"COM","2019",0.0193095277914779
"COM","2020",0.00337061892620768
"COM","2021",0.0105263157894737
"CPV","2000",0
"CPV","2001",0
"CPV","2002",0
"CPV","2003",0.0058263451345069
"CPV","2004",0
"CPV","2005",0
"CPV","2006",0.0142954923367694
"CPV","2007",0
"CPV","2008",0
"CPV","2009",0
"CPV","2010",0
"CPV","2011",0
"CPV","2012",0
"CPV","2013",0
"CPV","2014",0
"CPV","2015",0
"CPV","2016",0
"CPV","2017",0
"CPV","2018",0
"CPV","2019",0
"CPV","2020",0
"CPV","2021",0
"CRI","2000",0
"CRI","2001",0
"CRI","2002",0
"CRI","2003",0
"CRI","2004",0
"CRI","2005",0
"CRI","2006",0
"CRI","2007",0
"CRI","2008",0
"CRI","2009",0
"CRI","2010",0
"CRI","2011",0
"CRI","2012",0
"CRI","2013",0
"CRI","2014",0
"CRI","2015",0
"CRI","2016",0
"CRI","2017",0
"CRI","2018",0
"CRI","2019",0
"CRI","2020",0
"CRI","2021",0
"CUB","2000",0
"CUB","2001",0
"CUB","2002",0
"CUB","2003",0
"CUB","2004",0
"CUB","2005",0
"CUB","2006",0
"CUB","2007",0
"CUB","2008",0
"CUB","2009",0
"CUB","2010",0
"CUB","2011",0
"CUB","2012",0
"CUB","2013",0
"CUB","2014",0
"CUB","2015",0
"CUB","2016",0
"CUB","2017",0
"CUB","2018",0
"CUB","2019",0
"CUB","2020",0
"CUB","2021",0
"CYP","2000",0
"CYP","2001",0
"CYP","2002",0
"CYP","2003",0
"CYP","2004",0
"CYP","2005",0
"CYP","2006",0
"CYP","2007",0
"CYP","2008",0
"CYP","2009",0
"CYP","2010",0
"CYP","2011",0
"CYP","2012",0
"CYP","2013",0
"CYP","2014",0
"CYP","2015",0
"CYP","2016",0
"CYP","2017",0
"CYP","2018",0
"CYP","2019",0
"CYP","2020",0
"CYP","2021",0
"CZE","2000",0
"CZE","2001",0
"CZE","2002",0
"CZE","2003",0
"CZE","2004",0
"CZE","2005",0
"CZE","2006",0
"CZE","2007",0
"CZE","2008",0
"CZE","2009",0
"CZE","2010",0
"CZE","2011",0
"CZE","2012",0
"CZE","2013",0
"CZE","2014",0
"CZE","2015",0
"CZE","2016",0
"CZE","2017",0
"CZE","2018",0
"CZE","2019",0
"CZE","2020",0
"CZE","2021",0
"DEU","2000",0
"DEU","2001",0
"DEU","2002",0
"DEU","2003",0
"DEU","2004",0
"DEU","2005",0
"DEU","2006",0
"DEU","2007",0
"DEU","2008",0
"DEU","2009",0
"DEU","2010",0
"DEU","2011",0
"DEU","2012",0
"DEU","2013",0
"DEU","2014",0
"DEU","2015",0
"DEU","2016",0
"DEU","2017",0
"DEU","2018",0
"DEU","2019",0
"DEU","2020",0
"DEU","2021",0
"DJI","2000",0
"DJI","2001",0
"DJI","2002",0
"DJI","2003",0
"DJI","2004",0
"DJI","2005",0
"DJI","2006",0.000885793134389187
"DJI","2007",0.000949204725446627
"DJI","2008",0.00083720313228362
"DJI","2009",0.000999325788948967
"DJI","2010",0
"DJI","2011",0.00108992926293026
"DJI","2012",0.00115174161040084
"DJI","2013",0
"DJI","2014",0.00770999193135713
"DJI","2015",0.00647446942594522
"DJI","2016",0.00978633927610992
"DJI","2017",0.00865842921433476
"DJI","2018",0.0161488389375105
"DJI","2019",0.0486730764284507
"DJI","2020",0.0701947725863817
"DJI","2021",0.065989847715736
"DMA","2000",0
"DMA","2001",0
"DMA","2002",0
"DMA","2003",0
"DMA","2004",0
"DMA","2005",0
"DMA","2006",0
"DMA","2007",0
"DMA","2008",0
"DMA","2009",0
"DMA","2010",0
"DMA","2011",0
"DMA","2012",0
"DMA","2013",0
"DMA","2014",0
"DMA","2015",0
"DMA","2016",0
"DMA","2017",0
"DMA","2018",0
"DMA","2019",0
"DMA","2020",0
"DMA","2021",0
"DNK","2000",0
"DNK","2001",0
"DNK","2002",0
"DNK","2003",0
"DNK","2004",0
"DNK","2005",0
"DNK","2006",0
"DNK","2007",0
"DNK","2008",0
"DNK","2009",0
"DNK","2010",0
"DNK","2011",0
"DNK","2012",0
"DNK","2013",0
"DNK","2014",0
"DNK","2015",0
"DNK","2016",0
"DNK","2017",0
"DNK","2018",0
"DNK","2019",0
"DNK","2020",0
"DNK","2021",0
"DOM","2000",0.000286450873675165
"DOM","2001",0.000901171522979874
"DOM","2002",0.000634517766497462
"DOM","2003",0.000666888962987663
"DOM","2004",0.00104931794333683
"DOM","2005",0.00110578695171397
"DOM","2006",0.000777302759424796
"DOM","2007",0.00125156445556946
"DOM","2008",0.000883002207505519
"DOM","2009",0.0013531799729364
"DOM","2010",0.00135074290859973
"DOM","2011",0.000896458987001345
"DOM","2012",0.000444444444444444
"DOM","2013",0.000443655723158829
"DOM","2014",0
"DOM","2015",0
"DOM","2016",0
"DOM","2017",0
"DOM","2018",0
"DOM","2019",0
"DOM","2020",0
"DOM","2021",0
"DZA","2000",0
"DZA","2001",0
"DZA","2002",0
"DZA","2003",0
"DZA","2004",0
"DZA","2005",0
"DZA","2006",0
"DZA","2007",0
"DZA","2008",0
"DZA","2009",0
"DZA","2010",0
"DZA","2011",0
"DZA","2012",0
"DZA","2013",0
"DZA","2014",0
"DZA","2015",0
"DZA","2016",0
"DZA","2017",0
"DZA","2018",0
"DZA","2019",0
"DZA","2020",0
"DZA","2021",0
"ECU","2000",0.00485928325660225
"ECU","2001",0.00705580500448573
"ECU","2002",0.00494493144616655
"ECU","2003",0.00328715661013066
"ECU","2004",0.00269146072963103
"ECU","2005",0.00127064803072714
"ECU","2006",0.000526870389980188
"ECU","2007",0.000273074822551186
"ECU","2008",0.000282965478263283
"ECU","2009",0.000294031167357377
"ECU","2010",0
"ECU","2011",0
"ECU","2012",0
"ECU","2013",0
"ECU","2014",0
"ECU","2015",0
"ECU","2016",0
"ECU","2017",0
"ECU","2018",0
"ECU","2019",0
"ECU","2020",0
"ECU","2021",0
"EGY","2000",0
"EGY","2001",0
"EGY","2002",0
"EGY","2003",0
"EGY","2004",0
"EGY","2005",0
"EGY","2006",0
"EGY","2007",0
"EGY","2008",0
"EGY","2009",0
"EGY","2010",0
"EGY","2011",0
"EGY","2012",0
"EGY","2013",0
"EGY","2014",0
"EGY","2015",0
"EGY","2016",0
"EGY","2017",0
"EGY","2018",0
"EGY","2019",0
"EGY","2020",0
"EGY","2021",0
"ERI","2000",0.0048541006754255
"ERI","2001",0.0065405131754751
"ERI","2002",0.00400568505401978
"ERI","2003",0.00651886585506159
"ERI","2004",0.00172730488461973
"ERI","2005",0.0034683403886037
"ERI","2006",0.0019565362947991
"ERI","2007",0.0036374645566776
"ERI","2008",0.00218518078441726
"ERI","2009",0.00251408717028998
"ERI","2010",0.0121962968503818
"ERI","2011",0.010878961331581
"ERI","2012",0.00600711124765644
"ERI","2013",0.00686694635243568
"ERI","2014",0.0211407067682878
"ERI","2015",0.0111380042244767
"ERI","2016",0.0199259523849265
"ERI","2017",0.0244408873070119
"ERI","2018",0.0219329678772527
"ERI","2019",0.0628215386700296
"ERI","2020",0.0525531663419731
"ERI","2021",0.0272336359292881
"ESP","2000",0
"ESP","2001",0
"ESP","2002",0
"ESP","2003",0
"ESP","2004",0
"ESP","2005",0
"ESP","2006",0
"ESP","2007",0
"ESP","2008",0
"ESP","2009",0
"ESP","2010",0
"ESP","2011",0
"ESP","2012",0.00195463793018323
"ESP","2013",0
"ESP","2014",0
"ESP","2015",0
"ESP","2016",0
"ESP","2017",0
"ESP","2018",0
"ESP","2019",0
"ESP","2020",0
"ESP","2021",0
"EST","2000",0
"EST","2001",0
"EST","2002",0
"EST","2003",0
"EST","2004",0
"EST","2005",0
"EST","2006",0
"EST","2007",0
"EST","2008",0
"EST","2009",0
"EST","2010",0
"EST","2011",0
"EST","2012",0
"EST","2013",0
"EST","2014",0
"EST","2015",0
"EST","2016",0
"EST","2017",0
"EST","2018",0
"EST","2019",0
"EST","2020",0
"EST","2021",0
"ETH","2000",0.0610281087419752
"ETH","2001",0.0510969893824226
"ETH","2002",0.0428992633958163
"ETH","2003",0.0479160557267245
"ETH","2004",0.0554493819039078
"ETH","2005",0.036410715255087
"ETH","2006",0.037291057934496
"ETH","2007",0.0298114162042797
"ETH","2008",0.0222981396954714
"ETH","2009",0.0423520727247475
"ETH","2010",0.0680974073478041
"ETH","2011",0.0603621961651789
"ETH","2012",0.0821408008433258
"ETH","2013",0.133408315854593
"ETH","2014",0.114019803127264
"ETH","2015",0.104955281162152
"ETH","2016",0.0689894089797661
"ETH","2017",0.0461644138453781
"ETH","2018",0.021188938039408
"ETH","2019",0.0176674491518764
"ETH","2020",0.0394842983084768
"ETH","2021",0.0321035547462592
"FIN","2000",0
"FIN","2001",0
"FIN","2002",0
"FIN","2003",0
"FIN","2004",0
"FIN","2005",0
"FIN","2006",0
"FIN","2007",0
"FIN","2008",0
"FIN","2009",0
"FIN","2010",0
"FIN","2011",0
"FIN","2012",0
"FIN","2013",0
"FIN","2014",0
"FIN","2015",0
"FIN","2016",0
"FIN","2017",0
"FIN","2018",0
"FIN","2019",0
"FIN","2020",0
"FIN","2021",0
"FJI","2000",0
"FJI","2001",0
"FJI","2002",0
"FJI","2003",0
"FJI","2004",0
"FJI","2005",0
"FJI","2006",0
"FJI","2007",0
"FJI","2008",0
"FJI","2009",0
"FJI","2010",0
"FJI","2011",0
"FJI","2012",0
"FJI","2013",0
"FJI","2014",0
"FJI","2015",0
"FJI","2016",0
"FJI","2017",0
"FJI","2018",0
"FJI","2019",0
"FJI","2020",0
"FJI","2021",0
"FRA","2000",0
"FRA","2001",0
"FRA","2002",0
"FRA","2003",0
"FRA","2004",0
"FRA","2005",0
"FRA","2006",0
"FRA","2007",0
"FRA","2008",0
"FRA","2009",0
"FRA","2010",0
"FRA","2011",0
"FRA","2012",0
"FRA","2013",0
"FRA","2014",0
"FRA","2015",0
"FRA","2016",0
"FRA","2017",0
"FRA","2018",0
"FRA","2019",0
"FRA","2020",0
"FRA","2021",0
"FSM","2000",0
"FSM","2001",0
"FSM","2002",0
"FSM","2003",0
"FSM","2004",0
"FSM","2005",0
"FSM","2006",0
"FSM","2007",0
"FSM","2008",0
"FSM","2009",0
"FSM","2010",0
"FSM","2011",0
"FSM","2012",0
"FSM","2013",0
"FSM","2014",0
"FSM","2015",0
"FSM","2016",0
"FSM","2017",0
"FSM","2018",0
"FSM","2019",0
"FSM","2020",0
"FSM","2021",0
"GAB","2000",0.103243572616176
"GAB","2001",0.0990767594319014
"GAB","2002",0.0862106033930222
"GAB","2003",0.0692811123523666
"GAB","2004",0.0522062258726364
"GAB","2005",0.0430789862036712
"GAB","2006",0.0430882941366697
"GAB","2007",0.0427030721234709
"GAB","2008",0.0496746236367554
"GAB","2009",0.0636717260070158
"GAB","2010",0.0881529104216822
"GAB","2011",0.101162607261755
"GAB","2012",0.103581998056654
"GAB","2013",0.101905823957943
"GAB","2014",0.097951511649011
"GAB","2015",0.0972598741378444
"GAB","2016",0.0979827857320527
"GAB","2017",0.102580529923457
"GAB","2018",0.108497776234398
"GAB","2019",0.112638754691407
"GAB","2020",0.119121855838897
"GAB","2021",0.122798302572793
"GEO","2000",0
"GEO","2001",0
"GEO","2002",0
"GEO","2003",0
"GEO","2004",0
"GEO","2005",0
"GEO","2006",0
"GEO","2007",0
"GEO","2008",0
"GEO","2009",0
"GEO","2010",0
"GEO","2011",0
"GEO","2012",0
"GEO","2013",0
"GEO","2014",0
"GEO","2015",0
"GEO","2016",0
"GEO","2017",0
"GEO","2018",0
"GEO","2019",0
"GEO","2020",0
"GEO","2021",0
"GHA","2000",0.300262092601335
"GHA","2001",0.294987065897223
"GHA","2002",0.279197533464875
"GHA","2003",0.280850145760443
"GHA","2004",0.254468650193941
"GHA","2005",0.222610981930031
"GHA","2006",0.224585347146017
"GHA","2007",0.224148302307134
"GHA","2008",0.257649722270704
"GHA","2009",0.293462799398202
"GHA","2010",0.298554101548937
"GHA","2011",0.333326355158837
"GHA","2012",0.319578012233098
"GHA","2013",0.291884158460632
"GHA","2014",0.25689454653907
"GHA","2015",0.220121054611672
"GHA","2016",0.180890690216194
"GHA","2017",0.149716370113083
"GHA","2018",0.133686155362006
"GHA","2019",0.131804929931048
"GHA","2020",0.134754357573233
"GHA","2021",0.136779767213918
"GIN","2000",0.305197032257955
"GIN","2001",0.26530110454596
"GIN","2002",0.301057312533494
"GIN","2003",0.276014735836542
"GIN","2004",0.263365177949494
"GIN","2005",0.243521925129882
"GIN","2006",0.241673891944673
"GIN","2007",0.252150972280505
"GIN","2008",0.27081180265897
"GIN","2009",0.330519192525473
"GIN","2010",0.368807955758594
"GIN","2011",0.387025439051847
"GIN","2012",0.384620407819683
"GIN","2013",0.348609677912646
"GIN","2014",0.328122273482249
"GIN","2015",0.308196130482114
"GIN","2016",0.286301689319589
"GIN","2017",0.289009228470743
"GIN","2018",0.294823646048345
"GIN","2019",0.276609422918578
"GIN","2020",0.265089444712003
"GIN","2021",0.271991104172068
"GMB","2000",0.0448019213619531
"GMB","2001",0.0507258213237502
"GMB","2002",0.0567982263853186
"GMB","2003",0.0539250518242601
"GMB","2004",0.0521837477529793
"GMB","2005",0.0517720796687648
"GMB","2006",0.0552441877096185
"GMB","2007",0.0566447566703052
"GMB","2008",0.0626077088101849
"GMB","2009",0.0643603421266877
"GMB","2010",0.0771293821768262
"GMB","2011",0.112187444901812
"GMB","2012",0.121783855283843
"GMB","2013",0.116015174230534
"GMB","2014",0.0941121015547876
"GMB","2015",0.112325377553973
"GMB","2016",0.0922955665772535
"GMB","2017",0.0824682194619157
"GMB","2018",0.0846972210493439
"GMB","2019",0.0828448800862622
"GMB","2020",0.0883192180111454
"GMB","2021",0.0911808701757317
"GNB","2000",0.270216674352785
"GNB","2001",0.21214517982251
"GNB","2002",0.154410369121611
"GNB","2003",0.109647796869398
"GNB","2004",0.0935494081526497
"GNB","2005",0.0906784262552458
"GNB","2006",0.088759270830738
"GNB","2007",0.088858149999099
"GNB","2008",0.0922241008007063
"GNB","2009",0.10702712840077
"GNB","2010",0.11402260626051
"GNB","2011",0.115838790028895
"GNB","2012",0.116024455173613
"GNB","2013",0.116685964688178
"GNB","2014",0.11466452775659
"GNB","2015",0.111442195683449
"GNB","2016",0.117886351543875
"GNB","2017",0.118628274436694
"GNB","2018",0.116698610806763
"GNB","2019",0.119293532163619
"GNB","2020",0.127123280060475
"GNB","2021",0.133113667713124
"GNQ","2000",0.107998835238845
"GNQ","2001",0.106353337058496
"GNQ","2002",0.106316783668913
"GNQ","2003",0.110597746648107
"GNQ","2004",0.119124200163039
"GNQ","2005",0.129402375208523
"GNQ","2006",0.117729627241602
"GNQ","2007",0.11025736832623
"GNQ","2008",0.101270975101777
"GNQ","2009",0.0881610594312457
"GNQ","2010",0.0991604179559298
"GNQ","2011",0.0988532642391645
"GNQ","2012",0.108337830678878
"GNQ","2013",0.129197003285419
"GNQ","2014",0.147806005747201
"GNQ","2015",0.145768954567098
"GNQ","2016",0.144258858269722
"GNQ","2017",0.138595321036212
"GNQ","2018",0.12952305246746
"GNQ","2019",0.124932787007599
"GNQ","2020",0.12614107214765
"GNQ","2021",0.125409246090547
"GRC","2000",0
"GRC","2001",0
"GRC","2002",0
"GRC","2003",0
"GRC","2004",0
"GRC","2005",0
"GRC","2006",0
"GRC","2007",0
"GRC","2008",0
"GRC","2009",0
"GRC","2010",0
"GRC","2011",0
"GRC","2012",0
"GRC","2013",0
"GRC","2014",0
"GRC","2015",0
"GRC","2016",0
"GRC","2017",0
"GRC","2018",0
"GRC","2019",0
"GRC","2020",0
"GRC","2021",0
"GRD","2000",0
"GRD","2001",0
"GRD","2002",0
"GRD","2003",0
"GRD","2004",0
"GRD","2005",0
"GRD","2006",0
"GRD","2007",0
"GRD","2008",0
"GRD","2009",0
"GRD","2010",0
"GRD","2011",0
"GRD","2012",0
"GRD","2013",0
"GRD","2014",0
"GRD","2015",0
"GRD","2016",0
"GRD","2017",0
"GRD","2018",0
"GRD","2019",0
"GRD","2020",0
"GRD","2021",0
"GTM","2000",0.000485499824178186
"GTM","2001",0.000337195081044513
"GTM","2002",0.00035151927276951
"GTM","2003",0.00027878986957224
"GTM","2004",0.000294132344050695
"GTM","2005",0.000413648172187041
"GTM","2006",0.000329248131012814
"GTM","2007",0.000116277633617467
"GTM","2008",0
"GTM","2009",0
"GTM","2010",0
"GTM","2011",0
"GTM","2012",0
"GTM","2013",0
"GTM","2014",0
"GTM","2015",0
"GTM","2016",0
"GTM","2017",0
"GTM","2018",0
"GTM","2019",0
"GTM","2020",0
"GTM","2021",0
"GUY","2000",0.0326633169390742
"GUY","2001",0.0370370356014901
"GUY","2002",0.0307262564508349
"GUY","2003",0.0412979338137142
"GUY","2004",0.0436137076928486
"GUY","2005",0.0657894714078074
"GUY","2006",0.0344827589915333
"GUY","2007",0.0144927532837635
"GUY","2008",0.0189393939393939
"GUY","2009",0.0276679833971496
"GUY","2010",0.0576131696344805
"GUY","2011",0.0893617022872506
"GUY","2012",0.100877191537433
"GUY","2013",0.127272729408224
"GUY","2014",0.027906976897413
"GUY","2015",0.0241545884115469
"GUY","2016",0.0298507450886608
"GUY","2017",0.0410256394225835
"GUY","2018",0.0529100508682389
"GUY","2019",0.0391061437202839
"GUY","2020",0.0376344071264035
"GUY","2021",0.0344827572640991
"HND","2000",0.00117207823798516
"HND","2001",0.000741492792224785
"HND","2002",0.000519250136551042
"HND","2003",0.000550237275375135
"HND","2004",0.000586974475665986
"HND","2005",0.000628685839457349
"HND","2006",0.000337910301415447
"HND","2007",0.000362124032731438
"HND","2008",0.000387289255329135
"HND","2009",0.000411657112887713
"HND","2010",0.000435581289575065
"HND","2011",0.000459699389012224
"HND","2012",0
"HND","2013",0.000504854529852535
"HND","2014",0
"HND","2015",0
"HND","2016",0.000568504832291074
"HND","2017",0
"HND","2018",0
"HND","2019",0
"HND","2020",0
"HND","2021",0
"HRV","2000",0
"HRV","2001",0
"HRV","2002",0
"HRV","2003",0
"HRV","2004",0
"HRV","2005",0
"HRV","2006",0
"HRV","2007",0
"HRV","2008",0
"HRV","2009",0
"HRV","2010",0
"HRV","2011",0
"HRV","2012",0
"HRV","2013",0
"HRV","2014",0
"HRV","2015",0
"HRV","2016",0
"HRV","2017",0
"HRV","2018",0
"HRV","2019",0
"HRV","2020",0
"HRV","2021",0
"HTI","2000",0.0022843909724916
"HTI","2001",0.0024219985453148
"HTI","2002",0.00253942802972499
"HTI","2003",0.0026983782386431
"HTI","2004",0.00288592330748367
"HTI","2005",0.0031068608122999
"HTI","2006",0.00326760494059887
"HTI","2007",0.00300942413039241
"HTI","2008",0.00381302217700957
"HTI","2009",0.00375717932041253
"HTI","2010",0.00191296966342257
"HTI","2011",0.00383482042970773
"HTI","2012",0.0030741832458668
"HTI","2013",0.00310787601210436
"HTI","2014",0.00161205534441011
"HTI","2015",0.00157543421443362
"HTI","2016",0.00189963734639408
"HTI","2017",0.00177542999130071
"HTI","2018",0.000870489041858291
"HTI","2019",0.00100255187922344
"HTI","2020",0.00250150465405333
"HTI","2021",0.0014118158123371
"HUN","2000",0
"HUN","2001",0
"HUN","2002",0
"HUN","2003",0
"HUN","2004",0
"HUN","2005",0
"HUN","2006",0
"HUN","2007",0
"HUN","2008",0
"HUN","2009",0
"HUN","2010",0
"HUN","2011",0
"HUN","2012",0
"HUN","2013",0
"HUN","2014",0
"HUN","2015",0
"HUN","2016",0
"HUN","2017",0
"HUN","2018",0
"HUN","2019",0
"HUN","2020",0
"HUN","2021",0
"IDN","2000",0.0025725514333045
"IDN","2001",0.00276631705875491
"IDN","2002",0.00300961521754422
"IDN","2003",0.00326300025982871
"IDN","2004",0.00230452746197276
"IDN","2005",0.00372506746227735
"IDN","2006",0.00466865729453756
"IDN","2007",0.00433744161024648
"IDN","2008",0.00459891905585678
"IDN","2009",0.00481041151060053
"IDN","2010",0.00945101193604483
"IDN","2011",0.00876025375258436
"IDN","2012",0.00885774983773627
"IDN","2013",0.00783537561298624
"IDN","2014",0.0063201374262226
"IDN","2015",0.00572963777036873
"IDN","2016",0.00697749750694437
"IDN","2017",0.00501654492826159
"IDN","2018",0.00462419760507156
"IDN","2019",0.00595476901547839
"IDN","2020",0.00626718062310787
"IDN","2021",0.00656058352519305
"IND","2000",0.00566943686223802
"IND","2001",0.00539227285081829
"IND","2002",0.00548004157917623
"IND","2003",0.00590613460941699
"IND","2004",0.00703329610267269
"IND","2005",0.00809027596659445
"IND","2006",0.00682837616052171
"IND","2007",0.00769023142804349
"IND","2008",0.00886489849063375
"IND","2009",0.0104975157453443
"IND","2010",0.01074636973414
"IND","2011",0.00952556941059045
"IND","2012",0.00834595842189841
"IND","2013",0.00737408545095209
"IND","2014",0.00976807056348651
"IND","2015",0.0118337351292876
"IND","2016",0.0134009439498542
"IND","2017",0.0103594233048206
"IND","2018",0.00658261547327703
"IND","2019",0.00561496265024636
"IND","2020",0.0057733555462862
"IND","2021",0.00636107114159176
"IRL","2000",0
"IRL","2001",0
"IRL","2002",0
"IRL","2003",0
"IRL","2004",0
"IRL","2005",0
"IRL","2006",0
"IRL","2007",0
"IRL","2008",0
"IRL","2009",0
"IRL","2010",0
"IRL","2011",0
"IRL","2012",0
"IRL","2013",0
"IRL","2014",0
"IRL","2015",0
"IRL","2016",0
"IRL","2017",0
"IRL","2018",0
"IRL","2019",0
"IRL","2020",0
"IRL","2021",0
"IRN","2000",0
"IRN","2001",0
"IRN","2002",0
"IRN","2003",7.36867153135874e-05
"IRN","2004",0
"IRN","2005",0
"IRN","2006",0
"IRN","2007",0
"IRN","2008",0
"IRN","2009",0
"IRN","2010",0
"IRN","2011",0
"IRN","2012",0
"IRN","2013",0
"IRN","2014",0
"IRN","2015",0
"IRN","2016",0
"IRN","2017",0
"IRN","2018",0
"IRN","2019",0
"IRN","2020",0
"IRN","2021",0
"IRQ","2000",0
"IRQ","2001",0
"IRQ","2002",0
"IRQ","2003",0
"IRQ","2004",0
"IRQ","2005",0
"IRQ","2006",0
"IRQ","2007",0
"IRQ","2008",0
"IRQ","2009",0
"IRQ","2010",0
"IRQ","2011",0
"IRQ","2012",0
"IRQ","2013",0
"IRQ","2014",0
"IRQ","2015",0
"IRQ","2016",0
"IRQ","2017",0
"IRQ","2018",0
"IRQ","2019",0
"IRQ","2020",0
"IRQ","2021",0
"ISL","2000",0
"ISL","2001",0
"ISL","2002",0
"ISL","2003",0
"ISL","2004",0
"ISL","2005",0
"ISL","2006",0
"ISL","2007",0
"ISL","2008",0
"ISL","2009",0
"ISL","2010",0
"ISL","2011",0
"ISL","2012",0
"ISL","2013",0
"ISL","2014",0
"ISL","2015",0
"ISL","2016",0
"ISL","2017",0
"ISL","2018",0
"ISL","2019",0
"ISL","2020",0
"ISL","2021",0
"ISR","2000",0
"ISR","2001",0
"ISR","2002",0
"ISR","2003",0
"ISR","2004",0.00425763628671274
"ISR","2005",0
"ISR","2006",0
"ISR","2007",0
"ISR","2008",0
"ISR","2009",0
"ISR","2010",0
"ISR","2011",0
"ISR","2012",0
"ISR","2013",0
"ISR","2014",0
"ISR","2015",0
"ISR","2016",0
"ISR","2017",0
"ISR","2018",0
"ISR","2019",0
"ISR","2020",0
"ISR","2021",0
"ITA","2000",0
"ITA","2001",0
"ITA","2002",0
"ITA","2003",0
"ITA","2004",0
"ITA","2005",0
"ITA","2006",0
"ITA","2007",0
"ITA","2008",0
"ITA","2009",0
"ITA","2010",0
"ITA","2011",0
"ITA","2012",0
"ITA","2013",0.00180363639018554
"ITA","2014",0
"ITA","2015",0
"ITA","2016",0.000601344443243809
"ITA","2017",0.000601344443243809
"ITA","2018",0.000601344443243809
"ITA","2019",0.000601344443243809
"ITA","2020",0.000601344443243809
"ITA","2021",0.000601344443243809
"JAM","2000",0
"JAM","2001",0
"JAM","2002",0
"JAM","2003",0
"JAM","2004",0
"JAM","2005",0
"JAM","2006",0
"JAM","2007",0
"JAM","2008",0
"JAM","2009",0
"JAM","2010",0
"JAM","2011",0
"JAM","2012",0
"JAM","2013",0
"JAM","2014",0
"JAM","2015",0
"JAM","2016",0
"JAM","2017",0
"JAM","2018",0
"JAM","2019",0
"JAM","2020",0
"JAM","2021",0
"JOR","2000",0
"JOR","2001",0
"JOR","2002",0
"JOR","2003",0
"JOR","2004",0
"JOR","2005",0
"JOR","2006",0
"JOR","2007",0
"JOR","2008",0
"JOR","2009",0
"JOR","2010",0
"JOR","2011",0
"JOR","2012",0
"JOR","2013",0
"JOR","2014",0
"JOR","2015",0
"JOR","2016",0
"JOR","2017",0
"JOR","2018",0
"JOR","2019",0
"JOR","2020",0
"JOR","2021",0
"JPN","2000",0
"JPN","2001",0
"JPN","2002",0
"JPN","2003",0
"JPN","2004",0
"JPN","2005",0
"JPN","2006",0
"JPN","2007",0
"JPN","2008",0
"JPN","2009",0
"JPN","2010",0
"JPN","2011",0
"JPN","2012",0
"JPN","2013",0
"JPN","2014",0
"JPN","2015",0
"JPN","2016",0
"JPN","2017",0
"JPN","2018",0
"JPN","2019",0
"JPN","2020",0
"JPN","2021",0
"KAZ","2000",0
"KAZ","2001",0
"KAZ","2002",0
"KAZ","2003",0
"KAZ","2004",0
"KAZ","2005",0
"KAZ","2006",0
"KAZ","2007",0
"KAZ","2008",0
"KAZ","2009",0
"KAZ","2010",0
"KAZ","2011",0
"KAZ","2012",0
"KAZ","2013",0
"KAZ","2014",0
"KAZ","2015",0
"KAZ","2016",0
"KAZ","2017",0
"KAZ","2018",0
"KAZ","2019",0
"KAZ","2020",0
"KAZ","2021",0
"KEN","2000",0.0778101338571055
"KEN","2001",0.105509738330005
"KEN","2002",0.108264993517671
"KEN","2003",0.103262845081048
"KEN","2004",0.0861635667349089
"KEN","2005",0.0710856508813497
"KEN","2006",0.0616927717152541
"KEN","2007",0.0590627393361906
"KEN","2008",0.0583596983255977
"KEN","2009",0.061596022412334
"KEN","2010",0.0643852245108194
"KEN","2011",0.0717215633235495
"KEN","2012",0.0718293643605742
"KEN","2013",0.0733118438185432
"KEN","2014",0.0748919381655461
"KEN","2015",0.0755304710894473
"KEN","2016",0.0758118943006601
"KEN","2017",0.0781850928977233
"KEN","2018",0.0800883235239497
"KEN","2019",0.0803697844603657
"KEN","2020",0.0819039918053955
"KEN","2021",0.0835034422769063
"KGZ","2000",0
"KGZ","2001",0
"KGZ","2002",0
"KGZ","2003",0
"KGZ","2004",0
"KGZ","2005",0
"KGZ","2006",0
"KGZ","2007",0
"KGZ","2008",0
"KGZ","2009",0
"KGZ","2010",0
"KGZ","2011",0
"KGZ","2012",0
"KGZ","2013",0
"KGZ","2014",0
"KGZ","2015",0
"KGZ","2016",0
"KGZ","2017",0
"KGZ","2018",0
"KGZ","2019",0
"KGZ","2020",0
"KGZ","2021",0
"KHM","2000",0.0240083803301082
"KHM","2001",0.0124942291464575
"KHM","2002",0.0130043667528
"KHM","2003",0.0214331514320476
"KHM","2004",0.0195959446442735
"KHM","2005",0.0163251476717086
"KHM","2006",0.0241471226912315
"KHM","2007",0.00999049330936845
"KHM","2008",0.0140003254577047
"KHM","2009",0.0294097172590628
"KHM","2010",0.0230842939548134
"KHM","2011",0.0254773446053789
"KHM","2012",0.0156371625342151
"KHM","2013",0.00945915225721122
"KHM","2014",0.0183727121326
"KHM","2015",0.0178807101541601
"KHM","2016",0.0096044216871495
"KHM","2017",0.0174249058882768
"KHM","2018",0.0140759357652
"KHM","2019",0.00525414661042339
"KHM","2020",0.00145849174332586
"KHM","2021",0.000513610683102209
"KIR","2000",0
"KIR","2001",0
"KIR","2002",0
"KIR","2003",0
"KIR","2004",0
"KIR","2005",0
"KIR","2006",0
"KIR","2007",0
"KIR","2008",0
"KIR","2009",0
"KIR","2010",0
"KIR","2011",0
"KIR","2012",0
"KIR","2013",0
"KIR","2014",0
"KIR","2015",0
"KIR","2016",0
"KIR","2017",0
"KIR","2018",0
"KIR","2019",0
"KIR","2020",0
"KIR","2021",0
"KNA","2000",0
"KNA","2001",0
"KNA","2002",0
"KNA","2003",0
"KNA","2004",0
"KNA","2005",0
"KNA","2006",0
"KNA","2007",0
"KNA","2008",0
"KNA","2009",0
"KNA","2010",0
"KNA","2011",0
"KNA","2012",0
"KNA","2013",0
"KNA","2014",0
"KNA","2015",0
"KNA","2016",0
"KNA","2017",0
"KNA","2018",0
"KNA","2019",0
"KNA","2020",0
"KNA","2021",0
"KOR","2000",0
"KOR","2001",0
"KOR","2002",0
"KOR","2003",0
"KOR","2004",0
"KOR","2005",0
"KOR","2006",0
"KOR","2007",0
"KOR","2008",0
"KOR","2009",0
"KOR","2010",0
"KOR","2011",0
"KOR","2012",0
"KOR","2013",0
"KOR","2014",0
"KOR","2015",0
"KOR","2016",0
"KOR","2017",0
"KOR","2018",0
"KOR","2019",0
"KOR","2020",0
"KOR","2021",0
"KWT","2000",0
"KWT","2001",0
"KWT","2002",0
"KWT","2003",0
"KWT","2004",0
"KWT","2005",0
"KWT","2006",0
"KWT","2007",0
"KWT","2008",0
"KWT","2009",0
"KWT","2010",0
"KWT","2011",0
"KWT","2012",0
"KWT","2013",0
"KWT","2014",0
"KWT","2015",0
"KWT","2016",0
"KWT","2017",0
"KWT","2018",0
"KWT","2019",0
"KWT","2020",0
"KWT","2021",0
"LAO","2000",0.00508053102243377
"LAO","2001",0.00347745741963229
"LAO","2002",0.00290486220678591
"LAO","2003",0.00244625913359543
"LAO","2004",0.00252195080222452
"LAO","2005",0.00229141398358714
"LAO","2006",0.0035631313321247
"LAO","2007",0.0036162408496032
"LAO","2008",0.00341514597526345
"LAO","2009",0.00417411358109583
"LAO","2010",0.00397058354756032
"LAO","2011",0.00270287376067345
"LAO","2012",0.00779491567682263
"LAO","2013",0.00562838888039926
"LAO","2014",0.00664440514386416
"LAO","2015",0.00396268755319497
"LAO","2016",0.00154310062760266
"LAO","2017",0.000932458814840053
"LAO","2018",0.00122665557731048
"LAO","2019",0.000515422601197038
"LAO","2020",0.000271729302104178
"LAO","2021",0.000285306704707561
"LBN","2000",0
"LBN","2001",0
"LBN","2002",0
"LBN","2003",0
"LBN","2004",0
"LBN","2005",0
"LBN","2006",0
"LBN","2007",0
"LBN","2008",0
"LBN","2009",0
"LBN","2010",0
"LBN","2011",0
"LBN","2012",0
"LBN","2013",0
"LBN","2014",0
"LBN","2015",0
"LBN","2016",0
"LBN","2017",0
"LBN","2018",0
"LBN","2019",0
"LBN","2020",0
"LBN","2021",0
"LBR","2000",0.315654140126869
"LBR","2001",0.298920353861365
"LBR","2002",0.393137023146255
"LBR","2003",0.375858112951782
"LBR","2004",0.289403574778921
"LBR","2005",0.301547824181287
"LBR","2006",0.285446367890475
"LBR","2007",0.268347875710006
"LBR","2008",0.285322717189558
"LBR","2009",0.264253997028955
"LBR","2010",0.246689814067143
"LBR","2011",0.232246142638023
"LBR","2012",0.232611585790113
"LBR","2013",0.248702336898251
"LBR","2014",0.293823229839054
"LBR","2015",0.307335986418777
"LBR","2016",0.387819054683461
"LBR","2017",0.448792127419818
"LBR","2018",0.444311487790241
"LBR","2019",0.451918490044172
"LBR","2020",0.426121646803863
"LBR","2021",0.411573663271243
"LBY","2000",0
"LBY","2001",0
"LBY","2002",0
"LBY","2003",0
"LBY","2004",0
"LBY","2005",0
"LBY","2006",0
"LBY","2007",0
"LBY","2008",0
"LBY","2009",0
"LBY","2010",0
"LBY","2011",0
"LBY","2012",0
"LBY","2013",0
"LBY","2014",0
"LBY","2015",0
"LBY","2016",0
"LBY","2017",0
"LBY","2018",0
"LBY","2019",0
"LBY","2020",0
"LBY","2021",0
"LCA","2000",0
"LCA","2001",0
"LCA","2002",0
"LCA","2003",0
"LCA","2004",0
"LCA","2005",0
"LCA","2006",0
"LCA","2007",0
"LCA","2008",0
"LCA","2009",0
"LCA","2010",0
"LCA","2011",0
"LCA","2012",0
"LCA","2013",0
"LCA","2014",0
"LCA","2015",0
"LCA","2016",0
"LCA","2017",0
"LCA","2018",0
"LCA","2019",0
"LCA","2020",0
"LCA","2021",0
"LKA","2000",0.00783420327381478
"LKA","2001",0.0050625274517261
"LKA","2002",0.00245145671294781
"LKA","2003",0
"LKA","2004",0
"LKA","2005",0
"LKA","2006",0
"LKA","2007",0
"LKA","2008",0
"LKA","2009",0
"LKA","2010",0
"LKA","2011",0
"LKA","2012",0
"LKA","2013",0
"LKA","2014",0
"LKA","2015",0
"LKA","2016",0
"LKA","2017",0
"LKA","2018",0
"LKA","2019",0
"LKA","2020",0
"LKA","2021",0
"LSO","2000",0
"LSO","2001",0
"LSO","2002",0
"LSO","2003",0
"LSO","2004",0
"LSO","2005",0
"LSO","2006",0
"LSO","2007",0
"LSO","2008",0
"LSO","2009",0
"LSO","2010",0
"LSO","2011",0
"LSO","2012",0
"LSO","2013",0
"LSO","2014",0
"LSO","2015",0
"LSO","2016",0
"LSO","2017",0
"LSO","2018",0
"LSO","2019",0
"LSO","2020",0
"LSO","2021",0
"LTU","2000",0
"LTU","2001",0
"LTU","2002",0
"LTU","2003",0
"LTU","2004",0
"LTU","2005",0
"LTU","2006",0
"LTU","2007",0
"LTU","2008",0
"LTU","2009",0
"LTU","2010",0
"LTU","2011",0
"LTU","2012",0
"LTU","2013",0
"LTU","2014",0
"LTU","2015",0
"LTU","2016",0
"LTU","2017",0
"LTU","2018",0
"LTU","2019",0
"LTU","2020",0
"LTU","2021",0
"LUX","2000",0
"LUX","2001",0
"LUX","2002",0
"LUX","2003",0
"LUX","2004",0
"LUX","2005",0
"LUX","2006",0
"LUX","2007",0
"LUX","2008",0
"LUX","2009",0
"LUX","2010",0
"LUX","2011",0
"LUX","2012",0
"LUX","2013",0
"LUX","2014",0
"LUX","2015",0
"LUX","2016",0
"LUX","2017",0
"LUX","2018",0
"LUX","2019",0
"LUX","2020",0
"LUX","2021",0
"LVA","2000",0
"LVA","2001",0
"LVA","2002",0
"LVA","2003",0
"LVA","2004",0
"LVA","2005",0
"LVA","2006",0
"LVA","2007",0
"LVA","2008",0
"LVA","2009",0
"LVA","2010",0
"LVA","2011",0
"LVA","2012",0
"LVA","2013",0
"LVA","2014",0
"LVA","2015",0
"LVA","2016",0
"LVA","2017",0
"LVA","2018",0
"LVA","2019",0
"LVA","2020",0
"LVA","2021",0
"MAR","2000",0
"MAR","2001",0
"MAR","2002",0
"MAR","2003",0
"MAR","2004",0
"MAR","2005",0
"MAR","2006",0
"MAR","2007",0
"MAR","2008",0
"MAR","2009",0
"MAR","2010",0
"MAR","2011",0
"MAR","2012",0
"MAR","2013",0
"MAR","2014",0
"MAR","2015",0
"MAR","2016",0
"MAR","2017",0
"MAR","2018",0
"MAR","2019",0
"MAR","2020",0
"MAR","2021",0
"MCO","2000",0
"MCO","2001",0
"MCO","2002",0
"MCO","2003",0
"MCO","2004",0
"MCO","2005",0
"MCO","2006",0
"MCO","2007",0
"MCO","2008",0
"MCO","2009",0
"MCO","2010",0
"MCO","2011",0
"MCO","2012",0
"MCO","2013",0
"MCO","2014",0
"MCO","2015",0
"MCO","2016",0
"MCO","2017",0
"MCO","2018",0
"MCO","2019",0
"MCO","2020",0
"MCO","2021",0
"MDA","2000",0
"MDA","2001",0
"MDA","2002",0
"MDA","2003",0
"MDA","2004",0
"MDA","2005",0
"MDA","2006",0
"MDA","2007",0
"MDA","2008",0
"MDA","2009",0
"MDA","2010",0
"MDA","2011",0
"MDA","2012",0
"MDA","2013",0
"MDA","2014",0
"MDA","2015",0
"MDA","2016",0
"MDA","2017",0
"MDA","2018",0
"MDA","2019",0
"MDA","2020",0
"MDA","2021",0
"MDG","2000",0.0126854608583354
"MDG","2001",0.0201291983682497
"MDG","2002",0.0152800840017419
"MDG","2003",0.022316086601174
"MDG","2004",0.0142747768901786
"MDG","2005",0.0125434405011439
"MDG","2006",0.0128993810802213
"MDG","2007",0.0080594269304832
"MDG","2008",0.00877569482503139
"MDG","2009",0.0191670976596135
"MDG","2010",0.0195526540505127
"MDG","2011",0.0178300611550033
"MDG","2012",0.0423058920115646
"MDG","2013",0.0388523026461034
"MDG","2014",0.0251752187814927
"MDG","2015",0.0709046416227198
"MDG","2016",0.0346952495922691
"MDG","2017",0.052995816648277
"MDG","2018",0.0496712574730648
"MDG","2019",0.0520942466731692
"MDG","2020",0.141059722464404
"MDG","2021",0.186610786368148
"MDV","2000",0
"MDV","2001",0
"MDV","2002",0
"MDV","2003",0
"MDV","2004",0
"MDV","2005",0
"MDV","2006",0
"MDV","2007",0
"MDV","2008",0
"MDV","2009",0
"MDV","2010",0
"MDV","2011",0
"MDV","2012",0
"MDV","2013",0
"MDV","2014",0
"MDV","2015",0
"MDV","2016",0
"MDV","2017",0
"MDV","2018",0
"MDV","2019",0
"MDV","2020",0
"MDV","2021",0
"MEX","2000",0
"MEX","2001",0
"MEX","2002",0
"MEX","2003",0
"MEX","2004",0
"MEX","2005",0
"MEX","2006",0
"MEX","2007",0
"MEX","2008",0
"MEX","2009",0
"MEX","2010",0
"MEX","2011",0
"MEX","2012",0
"MEX","2013",0
"MEX","2014",0
"MEX","2015",0
"MEX","2016",0
"MEX","2017",0
"MEX","2018",0
"MEX","2019",0
"MEX","2020",0
"MEX","2021",0
"MHL","2000",0
"MHL","2001",0
"MHL","2002",0
"MHL","2003",0
"MHL","2004",0
"MHL","2005",0
"MHL","2006",0
"MHL","2007",0
"MHL","2008",0
"MHL","2009",0
"MHL","2010",0
"MHL","2011",0
"MHL","2012",0
"MHL","2013",0
"MHL","2014",0
"MHL","2015",0
"MHL","2016",0
"MHL","2017",0
"MHL","2018",0
"MHL","2019",0
"MHL","2020",0
"MHL","2021",0
"MLI","2000",0.321511911107161
"MLI","2001",0.284901606655465
"MLI","2002",0.312266471383192
"MLI","2003",0.308035824260407
"MLI","2004",0.301715412527913
"MLI","2005",0.309726066819209
"MLI","2006",0.305384459178172
"MLI","2007",0.300605836061281
"MLI","2008",0.296522768930854
"MLI","2009",0.291837708736467
"MLI","2010",0.294454188418924
"MLI","2011",0.337013083879433
"MLI","2012",0.362476583836961
"MLI","2013",0.369246707951411
"MLI","2014",0.346110831978848
"MLI","2015",0.296522980746359
"MLI","2016",0.264933639666069
"MLI","2017",0.230282637710603
"MLI","2018",0.208312829296929
"MLI","2019",0.198239481207312
"MLI","2020",0.215176545837045
"MLI","2021",0.217926662188483
"MLT","2000",0
"MLT","2001",0
"MLT","2002",0
"MLT","2003",0
"MLT","2004",0
"MLT","2005",0
"MLT","2006",0
"MLT","2007",0
"MLT","2008",0
"MLT","2009",0
"MLT","2010",0
"MLT","2011",0
"MLT","2012",0
"MLT","2013",0
"MLT","2014",0
"MLT","2015",0
"MLT","2016",0
"MLT","2017",0
"MLT","2018",0
"MLT","2019",0
"MLT","2020",0
"MLT","2021",0
"MMR","2000",0.0156458116962995
"MMR","2001",0.0151286772153811
"MMR","2002",0.0167511628800343
"MMR","2003",0.0171655596763459
"MMR","2004",0.0177397958131547
"MMR","2005",0.019425605423985
"MMR","2006",0.0131968736486484
"MMR","2007",0.0181663545964893
"MMR","2008",0.0147006271059385
"MMR","2009",0.0259809443800468
"MMR","2010",0.0346134787180448
"MMR","2011",0.0316780388242368
"MMR","2012",0.0365245429836362
"MMR","2013",0.010706226061022
"MMR","2014",0.00681426839090467
"MMR","2015",0.00454768817698844
"MMR","2016",0.00265949018464315
"MMR","2017",0.00202063512076482
"MMR","2018",0.0016565296209898
"MMR","2019",0.00101651481722991
"MMR","2020",0.000861045426762128
"MMR","2021",0.00284304259199657
"MNE","2000",0
"MNE","2001",0
"MNE","2002",0
"MNE","2003",0
"MNE","2004",0
"MNE","2005",0
"MNE","2006",0
"MNE","2007",0
"MNE","2008",0
"MNE","2009",0
"MNE","2010",0
"MNE","2011",0
"MNE","2012",0
"MNE","2013",0
"MNE","2014",0
"MNE","2015",0
"MNE","2016",0
"MNE","2017",0
"MNE","2018",0
"MNE","2019",0
"MNE","2020",0
"MNE","2021",0
"MNG","2000",0
"MNG","2001",0
"MNG","2002",0
"MNG","2003",0
"MNG","2004",0
"MNG","2005",0
"MNG","2006",0
"MNG","2007",0
"MNG","2008",0
"MNG","2009",0
"MNG","2010",0
"MNG","2011",0
"MNG","2012",0
"MNG","2013",0
"MNG","2014",0
"MNG","2015",0
"MNG","2016",0
"MNG","2017",0
"MNG","2018",0
"MNG","2019",0
"MNG","2020",0
"MNG","2021",0
"MOZ","2000",0.42849739420468
"MOZ","2001",0.446781458601169
"MOZ","2002",0.44433547429823
"MOZ","2003",0.426942795835457
"MOZ","2004",0.382410561802442
"MOZ","2005",0.341162353459112
"MOZ","2006",0.352997404227696
"MOZ","2007",0.339144432687566
"MOZ","2008",0.331352129967879
"MOZ","2009",0.347680694366931
"MOZ","2010",0.349160148700816
"MOZ","2011",0.351253514853569
"MOZ","2012",0.359788657029618
"MOZ","2013",0.382106695514346
"MOZ","2014",0.385555183100792
"MOZ","2015",0.383789668176647
"MOZ","2016",0.37873754136382
"MOZ","2017",0.361626739381899
"MOZ","2018",0.347738103375137
"MOZ","2019",0.337246666489815
"MOZ","2020",0.337310738173523
"MOZ","2021",0.34273329105388
"MRT","2000",0.0580397723710608
"MRT","2001",0.0508085664524366
"MRT","2002",0.0518089114251718
"MRT","2003",0.0543433655258434
"MRT","2004",0.0506327780229573
"MRT","2005",0.0573456658806749
"MRT","2006",0.0537816739706936
"MRT","2007",0.0569258781925003
"MRT","2008",0.0601602097425906
"MRT","2009",0.0593829020079983
"MRT","2010",0.059151537695539
"MRT","2011",0.0636735053329267
"MRT","2012",0.0618126046121296
"MRT","2013",0.0623952763424617
"MRT","2014",0.0717510790880195
"MRT","2015",0.0789706688798098
"MRT","2016",0.0833302199066078
"MRT","2017",0.0791409200960841
"MRT","2018",0.0800176856850194
"MRT","2019",0.0794894599698057
"MRT","2020",0.082456234588727
"MRT","2021",0.0809046922003814
"MUS","2000",0
"MUS","2001",0
"MUS","2002",0
"MUS","2003",0
"MUS","2004",0
"MUS","2005",0
"MUS","2006",0
"MUS","2007",0
"MUS","2008",0
"MUS","2009",0
"MUS","2010",0
"MUS","2011",0
"MUS","2012",0
"MUS","2013",0
"MUS","2014",0
"MUS","2015",0
"MUS","2016",0
"MUS","2017",0
"MUS","2018",0
"MUS","2019",0
"MUS","2020",0
"MUS","2021",0
"MWI","2000",0.248254087838889
"MWI","2001",0.255575195591175
"MWI","2002",0.2448049798006
"MWI","2003",0.215037787217008
"MWI","2004",0.196333800219831
"MWI","2005",0.203699874968925
"MWI","2006",0.199766692982415
"MWI","2007",0.198634029424818
"MWI","2008",0.216466663918708
"MWI","2009",0.232030577394248
"MWI","2010",0.236125641567095
"MWI","2011",0.225374979657737
"MWI","2012",0.212790108599324
"MWI","2013",0.194697172194917
"MWI","2014",0.180492403477892
"MWI","2015",0.168882615050428
"MWI","2016",0.163267298774234
"MWI","2017",0.165887849384881
"MWI","2018",0.165551900402251
"MWI","2019",0.165828677756287
"MWI","2020",0.181406945458363
"MWI","2021",0.188754028824426
"MYS","2000",0.00292932991578176
"MYS","2001",0.00482897384305835
"MYS","2002",0.00401069518716578
"MYS","2003",0.00244021473889702
"MYS","2004",0.0041025641025641
"MYS","2005",0.00431034482758621
"MYS","2006",0.00278706800445931
"MYS","2007",0.00170068027210884
"MYS","2008",0.00228310502283105
"MYS","2009",0.00277161862527716
"MYS","2010",0.00162513542795233
"MYS","2011",0.00107933081489477
"MYS","2012",0.00103896103896104
"MYS","2013",0.00101317122593718
"MYS","2014",0
"MYS","2015",0
"MYS","2016",0
"MYS","2017",0
"MYS","2018",0
"MYS","2019",0
"MYS","2020",0
"MYS","2021",0
"NAM","2000",0.0218829879844735
"NAM","2001",0.032092959203076
"NAM","2002",0.0194128384658047
"NAM","2003",0.0184728406867219
"NAM","2004",0.0332275311950508
"NAM","2005",0.0185902051979051
"NAM","2006",0.0217325315164034
"NAM","2007",0.0056960214549307
"NAM","2008",0.00352836720779665
"NAM","2009",0.00161764910593974
"NAM","2010",0.000591326926086603
"NAM","2011",0.000583378337046809
"NAM","2012",0.00108520165009153
"NAM","2013",0.00233079313055658
"NAM","2014",0.0101368615183443
"NAM","2015",0.00539859448764752
"NAM","2016",0.0126850760438512
"NAM","2017",0.0453653441818805
"NAM","2018",0.0220810550032008
"NAM","2019",0.00200687252214537
"NAM","2020",0.00846943064898144
"NAM","2021",0.00962250185048112
"NER","2000",0.198747209444857
"NER","2001",0.192821252951084
"NER","2002",0.186483092907612
"NER","2003",0.173961667330389
"NER","2004",0.178654278146546
"NER","2005",0.230520964527888
"NER","2006",0.177689029634213
"NER","2007",0.209572209210498
"NER","2008",0.227231389378917
"NER","2009",0.325627665897015
"NER","2010",0.315145626590407
"NER","2011",0.396593141941093
"NER","2012",0.350247142975281
"NER","2013",0.39015102197703
"NER","2014",0.362539981426349
"NER","2015",0.391056168863052
"NER","2016",0.414338821763375
"NER","2017",0.350059501272644
"NER","2018",0.366335701696091
"NER","2019",0.346582723547792
"NER","2020",0.36588670725302
"NER","2021",0.374283519705964
"NGA","2000",0.250181206746568
"NGA","2001",0.267613982021956
"NGA","2002",0.281290062304012
"NGA","2003",0.227156724068904
"NGA","2004",0.318845880498728
"NGA","2005",0.279071781688908
"NGA","2006",0.355505406902268
"NGA","2007",0.346028751350601
"NGA","2008",0.324641117172998
"NGA","2009",0.339333978929366
"NGA","2010",0.306424447081075
"NGA","2011",0.281051971385537
"NGA","2012",0.262371519768793
"NGA","2013",0.247536241891509
"NGA","2014",0.251574580702264
"NGA","2015",0.255367127742566
"NGA","2016",0.258974500880694
"NGA","2017",0.270380712116675
"NGA","2018",0.280851989319068
"NGA","2019",0.28483951961923
"NGA","2020",0.314014019988809
"NGA","2021",0.314273313577448
"NIC","2000",0
"NIC","2001",0
"NIC","2002",0.000371057484147897
"NIC","2003",0.000398247729826581
"NIC","2004",0
"NIC","2005",0.000463177365654325
"NIC","2006",0
"NIC","2007",0
"NIC","2008",0
"NIC","2009",0
"NIC","2010",0
"NIC","2011",0
"NIC","2012",0
"NIC","2013",0
"NIC","2014",0
"NIC","2015",0
"NIC","2016",0
"NIC","2017",0
"NIC","2018",0
"NIC","2019",0
"NIC","2020",0
"NIC","2021",0
"NIU","2000",0
"NIU","2001",0
"NIU","2002",0
"NIU","2003",0
"NIU","2004",0
"NIU","2005",0
"NIU","2006",0
"NIU","2007",0
"NIU","2008",0
"NIU","2009",0
"NIU","2010",0
"NIU","2011",0
"NIU","2012",0
"NIU","2013",0
"NIU","2014",0
"NIU","2015",0
"NIU","2016",0
"NIU","2017",0
"NIU","2018",0
"NIU","2019",0
"NIU","2020",0
"NIU","2021",0
"NLD","2000",0
"NLD","2001",0
"NLD","2002",0
"NLD","2003",0
"NLD","2004",0
"NLD","2005",0
"NLD","2006",0
"NLD","2007",0
"NLD","2008",0
"NLD","2009",0
"NLD","2010",0
"NLD","2011",0
"NLD","2012",0
"NLD","2013",0
"NLD","2014",0
"NLD","2015",0
"NLD","2016",0
"NLD","2017",0
"NLD","2018",0
"NLD","2019",0
"NLD","2020",0
"NLD","2021",0
"NOR","2000",0
"NOR","2001",0
"NOR","2002",0
"NOR","2003",0
"NOR","2004",0
"NOR","2005",0
"NOR","2006",0
"NOR","2007",0
"NOR","2008",0
"NOR","2009",0
"NOR","2010",0
"NOR","2011",0
"NOR","2012",0
"NOR","2013",0
"NOR","2014",0
"NOR","2015",0
"NOR","2016",0
"NOR","2017",0
"NOR","2018",0
"NOR","2019",0
"NOR","2020",0
"NOR","2021",0
"NPL","2000",0.00016461681639846
"NPL","2001",0.000204611764004141
"NPL","2002",0.000522786435767426
"NPL","2003",0.000436083691652217
"NPL","2004",0.000238145429498553
"NPL","2005",0.000260966743164279
"NPL","2006",0.00039993058318297
"NPL","2007",0.000502654736739922
"NPL","2008",0.000340365384164106
"NPL","2009",0.000306085918977885
"NPL","2010",0.000491338059883439
"NPL","2011",0.000267170003522154
"NPL","2012",0.00019040594275743
"NPL","2013",0.000103433088631981
"NPL","2014",0
"NPL","2015",0
"NPL","2016",0
"NPL","2017",0
"NPL","2018",0
"NPL","2019",0
"NPL","2020",0
"NPL","2021",0
"NRU","2000",0
"NRU","2001",0
"NRU","2002",0
"NRU","2003",0
"NRU","2004",0
"NRU","2005",0
"NRU","2006",0
"NRU","2007",0
"NRU","2008",0
"NRU","2009",0
"NRU","2010",0
"NRU","2011",0
"NRU","2012",0
"NRU","2013",0
"NRU","2014",0
"NRU","2015",0
"NRU","2016",0
"NRU","2017",0
"NRU","2018",0
"NRU","2019",0
"NRU","2020",0
"NRU","2021",0
"NZL","2000",0
"NZL","2001",0
"NZL","2002",0
"NZL","2003",0
"NZL","2004",0
"NZL","2005",0
"NZL","2006",0
"NZL","2007",0
"NZL","2008",0
"NZL","2009",0
"NZL","2010",0
"NZL","2011",0
"NZL","2012",0
"NZL","2013",0
"NZL","2014",0
"NZL","2015",0
"NZL","2016",0
"NZL","2017",0
"NZL","2018",0
"NZL","2019",0
"NZL","2020",0
"NZL","2021",0
"OMN","2000",0
"OMN","2001",0
"OMN","2002",0
"OMN","2003",0
"OMN","2004",0
"OMN","2005",0
"OMN","2006",0
"OMN","2007",0
"OMN","2008",0
"OMN","2009",0
"OMN","2010",0
"OMN","2011",0
"OMN","2012",0
"OMN","2013",0
"OMN","2014",0
"OMN","2015",0
"OMN","2016",0
"OMN","2017",0
"OMN","2018",0
"OMN","2019",0
"OMN","2020",0
"OMN","2021",0
"PAK","2000",0.000877326696377794
"PAK","2001",0.000909314494572326
"PAK","2002",0.00080183305645122
"PAK","2003",0.000806978852288147
"PAK","2004",0.000543178591346242
"PAK","2005",0.000847611098916077
"PAK","2006",0.000889166978748414
"PAK","2007",0.00084045197683257
"PAK","2008",0.000700489880026696
"PAK","2009",0.00106130946693112
"PAK","2010",0.00151350508645268
"PAK","2011",0.00172774509619137
"PAK","2012",0.00189079586260551
"PAK","2013",0.0012486446852171
"PAK","2014",0.000813390740384727
"PAK","2015",0.000899375141594978
"PAK","2016",0.00104296266657771
"PAK","2017",0.000823357472609225
"PAK","2018",0.000703517530829997
"PAK","2019",0.000752897843409716
"PAK","2020",0.000636689175623041
"PAK","2021",0.000695372733287425
"PAN","2000",0
"PAN","2001",0
"PAN","2002",0
"PAN","2003",0
"PAN","2004",0
"PAN","2005",0
"PAN","2006",0
"PAN","2007",0
"PAN","2008",0
"PAN","2009",0
"PAN","2010",0
"PAN","2011",0
"PAN","2012",0
"PAN","2013",0
"PAN","2014",0
"PAN","2015",0
"PAN","2016",0
"PAN","2017",0
"PAN","2018",0
"PAN","2019",0
"PAN","2020",0
"PAN","2021",0
"PER","2000",0.00160787968122173
"PER","2001",0.00161014308728947
"PER","2002",0.00222416413699226
"PER","2003",0.00205111317095527
"PER","2004",0.00234142359151381
"PER","2005",0.00204903174673051
"PER","2006",0.00132871509619226
"PER","2007",0.00115605425460769
"PER","2008",0.00095876188337651
"PER","2009",0.00102627538417122
"PER","2010",0.000622893444668796
"PER","2011",0.000662754426257744
"PER","2012",0.000873074996620504
"PER","2013",0.00184366534795818
"PER","2014",0.00251754206229447
"PER","2015",0.00325851318528109
"PER","2016",0.00320986439399634
"PER","2017",0.00310090173426567
"PER","2018",0.00228389029861881
"PER","2019",0.00165392978774147
"PER","2020",0.00119210271757029
"PER","2021",0.000732064421669107
"PHL","2000",0.000938034442492442
"PHL","2001",0.000672513773535722
"PHL","2002",0.000862936316749309
"PHL","2003",0.00125496948757899
"PHL","2004",0.00125759591638029
"PHL","2005",0.000888778261485709
"PHL","2006",0.00111337100460149
"PHL","2007",0.00123279556685893
"PHL","2008",0.000807141914119155
"PHL","2009",0.000627918131424869
"PHL","2010",0.000607280519483209
"PHL","2011",0.000245150946457423
"PHL","2012",0.000184404415056981
"PHL","2013",0.000206068183010446
"PHL","2014",0.000157094904269881
"PHL","2015",0.000376075979208399
"PHL","2016",0.000221608338709102
"PHL","2017",0.000223399799258329
"PHL","2018",0.000135790705532362
"PHL","2019",0.000171884054547072
"PHL","2020",0.00020824863304613
"PHL","2021",0.000121610117961814
"PLW","2000",0
"PLW","2001",0
"PLW","2002",0
"PLW","2003",0
"PLW","2004",0
"PLW","2005",0
"PLW","2006",0
"PLW","2007",0
"PLW","2008",0
"PLW","2009",0
"PLW","2010",0
"PLW","2011",0
"PLW","2012",0
"PLW","2013",0
"PLW","2014",0
"PLW","2015",0
"PLW","2016",0
"PLW","2017",0
"PLW","2018",0
"PLW","2019",0
"PLW","2020",0
"PLW","2021",0
"PNG","2000",0.262833330172655
"PNG","2001",0.246746389629318
"PNG","2002",0.179818066429251
"PNG","2003",0.205730989756603
"PNG","2004",0.2895397990497
"PNG","2005",0.202844246653314
"PNG","2006",0.215076365597222
"PNG","2007",0.189204401272068
"PNG","2008",0.169942262032207
"PNG","2009",0.264241292497917
"PNG","2010",0.154325705663341
"PNG","2011",0.124092730609154
"PNG","2012",0.191773244606053
"PNG","2013",0.271200956578619
"PNG","2014",0.236193934528056
"PNG","2015",0.111618392736061
"PNG","2016",0.179854275934099
"PNG","2017",0.177206881742493
"PNG","2018",0.187399155644002
"PNG","2019",0.15836110124825
"PNG","2020",0.240826219016202
"PNG","2021",0.187627716886495
"POL","2000",0
"POL","2001",0
"POL","2002",0
"POL","2003",0
"POL","2004",0
"POL","2005",0
"POL","2006",0
"POL","2007",0
"POL","2008",0
"POL","2009",0
"POL","2010",0
"POL","2011",0
"POL","2012",0
"POL","2013",0
"POL","2014",0
"POL","2015",0
"POL","2016",0
"POL","2017",0
"POL","2018",0
"POL","2019",0
"POL","2020",0
"POL","2021",0
"PRK","2000",0
"PRK","2001",0
"PRK","2002",0
"PRK","2003",0
"PRK","2004",0
"PRK","2005",0
"PRK","2006",0
"PRK","2007",0
"PRK","2008",0
"PRK","2009",0
"PRK","2010",0
"PRK","2011",0
"PRK","2012",0
"PRK","2013",0
"PRK","2014",0
"PRK","2015",0
"PRK","2016",0
"PRK","2017",0
"PRK","2018",0
"PRK","2019",0
"PRK","2020",0
"PRK","2021",0
"PRT","2000",0.00370790153661884
"PRT","2001",0
"PRT","2002",0
"PRT","2003",0.0011867427654263
"PRT","2004",0
"PRT","2005",0
"PRT","2006",0
"PRT","2007",0
"PRT","2008",0
"PRT","2009",0
"PRT","2010",0
"PRT","2011",0
"PRT","2012",0
"PRT","2013",0
"PRT","2014",0
"PRT","2015",0
"PRT","2016",0
"PRT","2017",0
"PRT","2018",0
"PRT","2019",0
"PRT","2020",0
"PRT","2021",0
"PRY","2000",0
"PRY","2001",0
"PRY","2002",0
"PRY","2003",0
"PRY","2004",0
"PRY","2005",0
"PRY","2006",0
"PRY","2007",0
"PRY","2008",0
"PRY","2009",0
"PRY","2010",0
"PRY","2011",0
"PRY","2012",0
"PRY","2013",0
"PRY","2014",0
"PRY","2015",0
"PRY","2016",0
"PRY","2017",0
"PRY","2018",0
"PRY","2019",0
"PRY","2020",0
"PRY","2021",0
"QAT","2000",0
"QAT","2001",0
"QAT","2002",0
"QAT","2003",0
"QAT","2004",0
"QAT","2005",0
"QAT","2006",0
"QAT","2007",0
"QAT","2008",0
"QAT","2009",0
"QAT","2010",0
"QAT","2011",0
"QAT","2012",0
"QAT","2013",0
"QAT","2014",0
"QAT","2015",0
"QAT","2016",0
"QAT","2017",0
"QAT","2018",0
"QAT","2019",0
"QAT","2020",0
"QAT","2021",0
"ROU","2000",0
"ROU","2001",0
"ROU","2002",0
"ROU","2003",0
"ROU","2004",0
"ROU","2005",0
"ROU","2006",0
"ROU","2007",0
"ROU","2008",0
"ROU","2009",0
"ROU","2010",0
"ROU","2011",0
"ROU","2012",0
"ROU","2013",0
"ROU","2014",0
"ROU","2015",0
"ROU","2016",0
"ROU","2017",0
"ROU","2018",0
"ROU","2019",0
"ROU","2020",0
"ROU","2021",0
"RUS","2000",0
"RUS","2001",0
"RUS","2002",0
"RUS","2003",0
"RUS","2004",0
"RUS","2005",0
"RUS","2006",0
"RUS","2007",0
"RUS","2008",0
"RUS","2009",0
"RUS","2010",0
"RUS","2011",0
"RUS","2012",0
"RUS","2013",0
"RUS","2014",0
"RUS","2015",0
"RUS","2016",0
"RUS","2017",0
"RUS","2018",0
"RUS","2019",0
"RUS","2020",0
"RUS","2021",0
"RWA","2000",0.101227618732034
"RWA","2001",0.0938939706584435
"RWA","2002",0.0976301973978422
"RWA","2003",0.0781171292142927
"RWA","2004",0.0667022792643054
"RWA","2005",0.0611266421804763
"RWA","2006",0.0557771169444878
"RWA","2007",0.0562390356304871
"RWA","2008",0.0572846592188746
"RWA","2009",0.0585004499346614
"RWA","2010",0.0642851065466105
"RWA","2011",0.0654651568593291
"RWA","2012",0.065529090241851
"RWA","2013",0.0649389920569336
"RWA","2014",0.0643070266040064
"RWA","2015",0.0655303225721369
"RWA","2016",0.0680867856169369
"RWA","2017",0.0691875956908109
"RWA","2018",0.0681932712090124
"RWA","2019",0.0663238060761784
"RWA","2020",0.0669041035965284
"RWA","2021",0.0715213424775173
"SAU","2000",0
"SAU","2001",0
"SAU","2002",0
"SAU","2003",0
"SAU","2004",0
"SAU","2005",0
"SAU","2006",0
"SAU","2007",0
"SAU","2008",0
"SAU","2009",0
"SAU","2010",0
"SAU","2011",0
"SAU","2012",0
"SAU","2013",0
"SAU","2014",0
"SAU","2015",0
"SAU","2016",0
"SAU","2017",0
"SAU","2018",0
"SAU","2019",0
"SAU","2020",0
"SAU","2021",0
"SDN","2000",0.0350515891853269
"SDN","2001",0.033230683810184
"SDN","2002",0.0238797240128699
"SDN","2003",0.0231479030383237
"SDN","2004",0.022940030318396
"SDN","2005",0.0208371627491928
"SDN","2006",0.0246224116303305
"SDN","2007",0.021601820052345
"SDN","2008",0.0180289273589493
"SDN","2009",0.0158754218708136
"SDN","2010",0.0148653512702532
"SDN","2011",0.015601244919489
"SDN","2012",0.0163380523114581
"SDN","2013",0.0187990604829332
"SDN","2014",0.0221239002964194
"SDN","2015",0.0260221416086183
"SDN","2016",0.0309765512321388
"SDN","2017",0.0372866190281714
"SDN","2018",0.0439593909225356
"SDN","2019",0.0531484620349631
"SDN","2020",0.0642087311301016
"SDN","2021",0.0667594214023557
"SEN","2000",0.0756050220496814
"SEN","2001",0.0520910398841577
"SEN","2002",0.0475160455310028
"SEN","2003",0.0589719581414755
"SEN","2004",0.058750046200524
"SEN","2005",0.0589561441712583
"SEN","2006",0.0646248216705935
"SEN","2007",0.0630567323035063
"SEN","2008",0.0629024609203698
"SEN","2009",0.060437100830301
"SEN","2010",0.0634426658071045
"SEN","2011",0.0622757625047499
"SEN","2012",0.0645254874738594
"SEN","2013",0.0637049635337638
"SEN","2014",0.0677217237638675
"SEN","2015",0.0736163539736385
"SEN","2016",0.0684580066653017
"SEN","2017",0.0700388511256297
"SEN","2018",0.073330395595347
"SEN","2019",0.0703858775120681
"SEN","2020",0.0724146218306143
"SEN","2021",0.074818744379033
"SGP","2000",0
"SGP","2001",0
"SGP","2002",0
"SGP","2003",0
"SGP","2004",0
"SGP","2005",0
"SGP","2006",0
"SGP","2007",0
"SGP","2008",0
"SGP","2009",0
"SGP","2010",0
"SGP","2011",0
"SGP","2012",0
"SGP","2013",0
"SGP","2014",0
"SGP","2015",0
"SGP","2016",0
"SGP","2017",0
"SGP","2018",0
"SGP","2019",0
"SGP","2020",0
"SGP","2021",0
"SLB","2000",0.314393939393939
"SLB","2001",0.316981132075472
"SLB","2002",0.318352059925094
"SLB","2003",0.319702602230483
"SLB","2004",0.321033210332103
"SLB","2005",0.323529411764706
"SLB","2006",0.321167883211679
"SLB","2007",0.318840579710145
"SLB","2008",0.318840579710145
"SLB","2009",0.221818181818182
"SLB","2010",0.266423357664234
"SLB","2011",0.146520146520146
"SLB","2012",0.113970588235294
"SLB","2013",0.103703703703704
"SLB","2014",0.0594795539033457
"SLB","2015",0.0636704119850187
"SLB","2016",0.137404580152672
"SLB","2017",0.19921875
"SLB","2018",0.151394422310757
"SLB","2019",0.262295081967213
"SLB","2020",0.184873949579832
"SLB","2021",0.278969957081545
"SLE","2000",0.359567047812842
"SLE","2001",0.35137688963184
"SLE","2002",0.359197418588708
"SLE","2003",0.365056134324966
"SLE","2004",0.337998455143867
"SLE","2005",0.324631091854537
"SLE","2006",0.31934323308117
"SLE","2007",0.356663138425057
"SLE","2008",0.41600215522124
"SLE","2009",0.470114399494037
"SLE","2010",0.477510227125986
"SLE","2011",0.485616875571449
"SLE","2012",0.457486795609099
"SLE","2013",0.425540096089021
"SLE","2014",0.396566028029562
"SLE","2015",0.386372326570442
"SLE","2016",0.397817473779131
"SLE","2017",0.389476072761775
"SLE","2018",0.386864546013197
"SLE","2019",0.370342946509951
"SLE","2020",0.349114093572576
"SLE","2021",0.34438178953172
"SLV","2000",0
"SLV","2001",0
"SLV","2002",0
"SLV","2003",0
"SLV","2004",0
"SLV","2005",0
"SLV","2006",0
"SLV","2007",0
"SLV","2008",0
"SLV","2009",0
"SLV","2010",0
"SLV","2011",0
"SLV","2012",0
"SLV","2013",0
"SLV","2014",0
"SLV","2015",0
"SLV","2016",0
"SLV","2017",0
"SLV","2018",0
"SLV","2019",0
"SLV","2020",0
"SLV","2021",0
"SMR","2000",0
"SMR","2001",0
"SMR","2002",0
"SMR","2003",NA
"SMR","2004",NA
"SMR","2005",NA
"SMR","2006",NA
"SMR","2007",0
"SMR","2008",NA
"SMR","2009",0
"SMR","2010",0
"SMR","2011",0
"SMR","2012",0
"SMR","2013",0
"SMR","2014",0
"SMR","2015",0
"SMR","2016",0
"SMR","2017",0
"SMR","2018",0
"SMR","2019",0
"SMR","2020",0
"SMR","2021",0
"SOM","2000",0.026657787633313
"SOM","2001",0.0262519982523111
"SOM","2002",0.0244818941441436
"SOM","2003",0.0267264534320719
"SOM","2004",0.0233246038912869
"SOM","2005",0.0265003033137208
"SOM","2006",0.0239955788664299
"SOM","2007",0.0196548712997419
"SOM","2008",0.00895266528082554
"SOM","2009",0.00556591355083308
"SOM","2010",0.00689085442754543
"SOM","2011",0.00498421184877251
"SOM","2012",0.00502995241794099
"SOM","2013",0.00676185874297143
"SOM","2014",0.00960003498323648
"SOM","2015",0.0121429845958234
"SOM","2016",0.0106585442910146
"SOM","2017",0.0133169048777147
"SOM","2018",0.0138760660585986
"SOM","2019",0.0125632669605094
"SOM","2020",0.0146460611576891
"SOM","2021",0.0160553920458833
"SRB","2000",0
"SRB","2001",0
"SRB","2002",0
"SRB","2003",0
"SRB","2004",0
"SRB","2005",0
"SRB","2006",0
"SRB","2007",0
"SRB","2008",0
"SRB","2009",0
"SRB","2010",0
"SRB","2011",0
"SRB","2012",0
"SRB","2013",0
"SRB","2014",0
"SRB","2015",0
"SRB","2016",0
"SRB","2017",0
"SRB","2018",0
"SRB","2019",0
"SRB","2020",0
"SRB","2021",0
"SSD","2000",0.270169914251257
"SSD","2001",0.278564571615433
"SSD","2002",0.264653905382893
"SSD","2003",0.25412151284575
"SSD","2004",0.24743988145162
"SSD","2005",0.227924348780986
"SSD","2006",0.244634138082953
"SSD","2007",0.23808034668517
"SSD","2008",0.240144915099265
"SSD","2009",0.229356007316193
"SSD","2010",0.221844853924836
"SSD","2011",0.226295151733248
"SSD","2012",0.210456027373696
"SSD","2013",0.213205246044237
"SSD","2014",0.211730253191124
"SSD","2015",0.220002350020273
"SSD","2016",0.226886900556244
"SSD","2017",0.249113133857085
"SSD","2018",0.25718733901762
"SSD","2019",0.292503821806333
"SSD","2020",0.270440125390111
"SSD","2021",0.261591241305748
"STP","2000",0.227921340555709
"STP","2001",0.175672964674213
"STP","2002",0.195802700700871
"STP","2003",0.213957836464928
"STP","2004",0.220259704560563
"STP","2005",0.229416129241068
"STP","2006",0.0438071173528261
"STP","2007",0
"STP","2008",0.0252528316883127
"STP","2009",0.04801388681701
"STP","2010",0.0299475996006532
"STP","2011",0.0413734528007988
"STP","2012",0.00903601962405885
"STP","2013",0.020928211798219
"STP","2014",0
"STP","2015",0
"STP","2016",0
"STP","2017",0
"STP","2018",0
"STP","2019",0
"STP","2020",0
"STP","2021",0
"SUR","2000",0.067073172464096
"SUR","2001",0.0657894747172682
"SUR","2002",0.0359712236153999
"SUR","2003",0.0546875
"SUR","2004",0.0169491525423729
"SUR","2005",0
"SUR","2006",0
"SUR","2007",0
"SUR","2008",0
"SUR","2009",0
"SUR","2010",0
"SUR","2011",0
"SUR","2012",0
"SUR","2013",0
"SUR","2014",0
"SUR","2015",0
"SUR","2016",0
"SUR","2017",0
"SUR","2018",0
"SUR","2019",0
"SUR","2020",0
"SUR","2021",0
"SVK","2000",0
"SVK","2001",0
"SVK","2002",0
"SVK","2003",0
"SVK","2004",0
"SVK","2005",0
"SVK","2006",0
"SVK","2007",0
"SVK","2008",0
"SVK","2009",0
"SVK","2010",0
"SVK","2011",0
"SVK","2012",0
"SVK","2013",0
"SVK","2014",0
"SVK","2015",0
"SVK","2016",0
"SVK","2017",0
"SVK","2018",0
"SVK","2019",0
"SVK","2020",0
"SVK","2021",0
"SVN","2000",0
"SVN","2001",0
"SVN","2002",0
"SVN","2003",0
"SVN","2004",0
"SVN","2005",0
"SVN","2006",0
"SVN","2007",0
"SVN","2008",0
"SVN","2009",0
"SVN","2010",0
"SVN","2011",0
"SVN","2012",0
"SVN","2013",0
"SVN","2014",0
"SVN","2015",0
"SVN","2016",0
"SVN","2017",0
"SVN","2018",0
"SVN","2019",0
"SVN","2020",0
"SVN","2021",0
"SWE","2000",0
"SWE","2001",0
"SWE","2002",0
"SWE","2003",0
"SWE","2004",0
"SWE","2005",0.00691674052278637
"SWE","2006",0
"SWE","2007",0
"SWE","2008",0
"SWE","2009",0
"SWE","2010",0
"SWE","2011",0
"SWE","2012",0
"SWE","2013",0
"SWE","2014",0
"SWE","2015",0
"SWE","2016",0
"SWE","2017",0
"SWE","2018",0
"SWE","2019",0
"SWE","2020",0
"SWE","2021",0
"SYC","2000",0
"SYC","2001",0
"SYC","2002",0
"SYC","2003",0
"SYC","2004",0
"SYC","2005",0
"SYC","2006",0
"SYC","2007",0
"SYC","2008",0
"SYC","2009",0
"SYC","2010",0
"SYC","2011",0
"SYC","2012",0
"SYC","2013",0
"SYC","2014",0
"SYC","2015",0
"SYC","2016",0
"SYC","2017",0
"SYC","2018",0
"SYC","2019",0
"SYC","2020",0
"SYC","2021",0
"SYR","2000",0
"SYR","2001",0
"SYR","2002",0
"SYR","2003",0
"SYR","2004",0
"SYR","2005",0
"SYR","2006",0
"SYR","2007",0
"SYR","2008",0
"SYR","2009",0
"SYR","2010",0
"SYR","2011",0
"SYR","2012",0
"SYR","2013",0
"SYR","2014",0
"SYR","2015",0
"SYR","2016",0
"SYR","2017",0
"SYR","2018",0
"SYR","2019",0
"SYR","2020",0
"SYR","2021",0
"TCD","2000",0.151336843161739
"TCD","2001",0.109014859318428
"TCD","2002",0.131518783157255
"TCD","2003",0.120155628299847
"TCD","2004",0.12988986031062
"TCD","2005",0.153343498080263
"TCD","2006",0.158195451861136
"TCD","2007",0.162130649109086
"TCD","2008",0.172683542853199
"TCD","2009",0.185328497316126
"TCD","2010",0.193126118796605
"TCD","2011",0.181979581123165
"TCD","2012",0.178267849292117
"TCD","2013",0.175801284630248
"TCD","2014",0.180739917715505
"TCD","2015",0.184240910210866
"TCD","2016",0.188758008109356
"TCD","2017",0.195016205902922
"TCD","2018",0.202834364025079
"TCD","2019",0.200399106435752
"TCD","2020",0.202928863793208
"TCD","2021",0.208636842363132
"TGO","2000",0.241208643455398
"TGO","2001",0.277800743971015
"TGO","2002",0.330261758187778
"TGO","2003",0.360479517452452
"TGO","2004",0.406906700721192
"TGO","2005",0.419307712935845
"TGO","2006",0.395836981202741
"TGO","2007",0.349635365555964
"TGO","2008",0.279003380064102
"TGO","2009",0.239362560816837
"TGO","2010",0.223778316993757
"TGO","2011",0.222765022305386
"TGO","2012",0.254359685489993
"TGO","2013",0.299456459789772
"TGO","2014",0.323327306066538
"TGO","2015",0.333214555175534
"TGO","2016",0.297227571954156
"TGO","2017",0.234528188362381
"TGO","2018",0.211101846046909
"TGO","2019",0.202997219346446
"TGO","2020",0.214161886879192
"TGO","2021",0.21497615105628
"THA","2000",0.0188575656064141
"THA","2001",0.0133109376439314
"THA","2002",0.0118869951069314
"THA","2003",0.00700067693047886
"THA","2004",0.00831537990484513
"THA","2005",0.00602854364140568
"THA","2006",0.00438981058636676
"THA","2007",0.00393513801329388
"THA","2008",0.00427208557284299
"THA","2009",0.00292780662537862
"THA","2010",0.00375404746581961
"THA","2011",0.00197208269151819
"THA","2012",0.00181463098125349
"THA","2013",0.00239483777627856
"THA","2014",0.00205160918950178
"THA","2015",0.00191505007241639
"THA","2016",0.00176995404975192
"THA","2017",0.000956048258642235
"THA","2018",0.00101491093179118
"THA","2019",0.00073230323860724
"THA","2020",0
"THA","2021",0
"TJK","2000",0
"TJK","2001",0
"TJK","2002",0
"TJK","2003",0
"TJK","2004",0
"TJK","2005",0
"TJK","2006",0
"TJK","2007",0
"TJK","2008",0
"TJK","2009",0
"TJK","2010",0
"TJK","2011",0
"TJK","2012",0
"TJK","2013",0
"TJK","2014",0
"TJK","2015",0
"TJK","2016",0
"TJK","2017",0
"TJK","2018",0
"TJK","2019",0
"TJK","2020",0
"TJK","2021",0
"TKM","2000",0
"TKM","2001",0
"TKM","2002",0
"TKM","2003",0
"TKM","2004",0
"TKM","2005",0
"TKM","2006",0
"TKM","2007",0
"TKM","2008",0
"TKM","2009",0
"TKM","2010",0
"TKM","2011",0
"TKM","2012",0
"TKM","2013",0
"TKM","2014",0
"TKM","2015",0
"TKM","2016",0
"TKM","2017",0
"TKM","2018",0
"TKM","2019",0
"TKM","2020",0
"TKM","2021",0
"TLS","2000",0.0392835712973048
"TLS","2001",0.0403922415816229
"TLS","2002",0.0365342477104815
"TLS","2003",0.0161404031099967
"TLS","2004",0.130377923870287
"TLS","2005",0.0745124367286491
"TLS","2006",0.0853787981637165
"TLS","2007",0.0523324233622362
"TLS","2008",0.0705754238370698
"TLS","2009",0.046553248581575
"TLS","2010",0.0481677753065178
"TLS","2011",0.0118418206251892
"TLS","2012",0.00146232625850551
"TLS","2013",0
"TLS","2014",0
"TLS","2015",0
"TLS","2016",0
"TLS","2017",0
"TLS","2018",0
"TLS","2019",0
"TLS","2020",0
"TLS","2021",0
"TON","2000",0
"TON","2001",0
"TON","2002",0
"TON","2003",0
"TON","2004",0
"TON","2005",0
"TON","2006",0
"TON","2007",0
"TON","2008",0
"TON","2009",0
"TON","2010",0
"TON","2011",0
"TON","2012",0
"TON","2013",0
"TON","2014",0
"TON","2015",0
"TON","2016",0
"TON","2017",0
"TON","2018",0
"TON","2019",0
"TON","2020",0
"TON","2021",0
"TTO","2000",0
"TTO","2001",0
"TTO","2002",0
"TTO","2003",0
"TTO","2004",0
"TTO","2005",0
"TTO","2006",0
"TTO","2007",0
"TTO","2008",0
"TTO","2009",0
"TTO","2010",0
"TTO","2011",0
"TTO","2012",0
"TTO","2013",0
"TTO","2014",0
"TTO","2015",0
"TTO","2016",0
"TTO","2017",0
"TTO","2018",0
"TTO","2019",0
"TTO","2020",0
"TTO","2021",0
"TUN","2000",0
"TUN","2001",0
"TUN","2002",0
"TUN","2003",0
"TUN","2004",0
"TUN","2005",0
"TUN","2006",0
"TUN","2007",0
"TUN","2008",0
"TUN","2009",0
"TUN","2010",0
"TUN","2011",0
"TUN","2012",0
"TUN","2013",0
"TUN","2014",0
"TUN","2015",0
"TUN","2016",0
"TUN","2017",0
"TUN","2018",0
"TUN","2019",0
"TUN","2020",0
"TUN","2021",0
"TUR","2000",0
"TUR","2001",0
"TUR","2002",0
"TUR","2003",0
"TUR","2004",0
"TUR","2005",0
"TUR","2006",0
"TUR","2007",0
"TUR","2008",0
"TUR","2009",0
"TUR","2010",0
"TUR","2011",0
"TUR","2012",0
"TUR","2013",0
"TUR","2014",0
"TUR","2015",0
"TUR","2016",0
"TUR","2017",0
"TUR","2018",0
"TUR","2019",0
"TUR","2020",0
"TUR","2021",0
"TUV","2000",0
"TUV","2001",0
"TUV","2002",0
"TUV","2003",0
"TUV","2004",0
"TUV","2005",0
"TUV","2006",0
"TUV","2007",0
"TUV","2008",0
"TUV","2009",0
"TUV","2010",0
"TUV","2011",0
"TUV","2012",0
"TUV","2013",0
"TUV","2014",0
"TUV","2015",0
"TUV","2016",0
"TUV","2017",0
"TUV","2018",0
"TUV","2019",0
"TUV","2020",0
"TUV","2021",0
"TZA","2000",0.256315015106915
"TZA","2001",0.251207756191931
"TZA","2002",0.22085003019662
"TZA","2003",0.208834742724111
"TZA","2004",0.18768779043454
"TZA","2005",0.169862175652587
"TZA","2006",0.151784773697303
"TZA","2007",0.134204184928157
"TZA","2008",0.12162043795483
"TZA","2009",0.125784343965631
"TZA","2010",0.121264458324825
"TZA","2011",0.118413246264427
"TZA","2012",0.116038404439034
"TZA","2013",0.134554902362214
"TZA","2014",0.147493072333795
"TZA","2015",0.145794367329574
"TZA","2016",0.144019576057341
"TZA","2017",0.136142476174402
"TZA","2018",0.134439800176773
"TZA","2019",0.134192837186769
"TZA","2020",0.141079247491699
"TZA","2021",0.149171949933189
"UGA","2000",0.268309022826363
"UGA","2001",0.336309244517481
"UGA","2002",0.338890070835943
"UGA","2003",0.320328229932061
"UGA","2004",0.317295681430262
"UGA","2005",0.28633573623446
"UGA","2006",0.269455904237991
"UGA","2007",0.252358187576402
"UGA","2008",0.27295065785959
"UGA","2009",0.293198024897535
"UGA","2010",0.29555411937502
"UGA","2011",0.281278361661582
"UGA","2012",0.273324552906942
"UGA","2013",0.235504865871906
"UGA","2014",0.216135230347355
"UGA","2015",0.182233464178176
"UGA","2016",0.197868948292833
"UGA","2017",0.194766766688879
"UGA","2018",0.18356725842567
"UGA","2019",0.200945717343444
"UGA","2020",0.198052505628061
"UGA","2021",0.207407730267834
"UKR","2000",0
"UKR","2001",0
"UKR","2002",0
"UKR","2003",0
"UKR","2004",0
"UKR","2005",0
"UKR","2006",0
"UKR","2007",0
"UKR","2008",0
"UKR","2009",0
"UKR","2010",0
"UKR","2011",0
"UKR","2012",0
"UKR","2013",0
"UKR","2014",0
"UKR","2015",0
"UKR","2016",0
"UKR","2017",0
"UKR","2018",0
"UKR","2019",0
"UKR","2020",0
"UKR","2021",0
"URY","2000",0
"URY","2001",0
"URY","2002",0
"URY","2003",0
"URY","2004",0
"URY","2005",0
"URY","2006",0
"URY","2007",0
"URY","2008",0
"URY","2009",0
"URY","2010",0
"URY","2011",0
"URY","2012",0
"URY","2013",0
"URY","2014",0
"URY","2015",0
"URY","2016",0
"URY","2017",0
"URY","2018",0
"URY","2019",0
"URY","2020",0
"URY","2021",0
"USA","2000",0
"USA","2001",0
"USA","2002",0
"USA","2003",0
"USA","2004",0
"USA","2005",0
"USA","2006",0.00011635708757638
"USA","2007",0
"USA","2008",0
"USA","2009",0.000120636970476405
"USA","2010",0
"USA","2011",0.000131616856453496
"USA","2012",0
"USA","2013",0
"USA","2014",0.000138267584766259
"USA","2015",0
"USA","2016",0
"USA","2017",4.62388139072867e-05
"USA","2018",4.62388139072867e-05
"USA","2019",4.62388139072867e-05
"USA","2020",4.62388139072867e-05
"USA","2021",4.62388139072867e-05
"UZB","2000",0
"UZB","2001",0
"UZB","2002",0
"UZB","2003",0
"UZB","2004",0
"UZB","2005",0
"UZB","2006",0
"UZB","2007",0
"UZB","2008",0
"UZB","2009",0
"UZB","2010",0
"UZB","2011",0
"UZB","2012",0
"UZB","2013",0
"UZB","2014",0
"UZB","2015",0
"UZB","2016",0
"UZB","2017",0
"UZB","2018",0
"UZB","2019",0
"UZB","2020",0
"UZB","2021",0
"VCT","2000",0
"VCT","2001",0
"VCT","2002",0
"VCT","2003",0
"VCT","2004",0
"VCT","2005",0
"VCT","2006",0
"VCT","2007",0
"VCT","2008",0
"VCT","2009",0
"VCT","2010",0
"VCT","2011",0
"VCT","2012",0
"VCT","2013",0
"VCT","2014",0
"VCT","2015",0
"VCT","2016",0
"VCT","2017",0
"VCT","2018",0
"VCT","2019",0
"VCT","2020",0
"VCT","2021",0
"VEN","2000",0.000820883249384025
"VEN","2001",0.000496606531249435
"VEN","2002",0.000668560915393425
"VEN","2003",0.00105671012880336
"VEN","2004",0.00135448915016575
"VEN","2005",0.00148746280246464
"VEN","2006",0.00158227850868702
"VEN","2007",0.00187397513249316
"VEN","2008",0.00119703137382538
"VEN","2009",0.001955512078725
"VEN","2010",0.0030542122147093
"VEN","2011",0.0027056276958955
"VEN","2012",0.00337362949991983
"VEN","2013",0.00652883578244536
"VEN","2014",0.00630040321550893
"VEN","2015",0.012952380931353
"VEN","2016",0.0114539072416758
"VEN","2017",0.0192628264182696
"VEN","2018",0.0168799851331573
"VEN","2019",0.0161566241897837
"VEN","2020",0.00963904838462679
"VEN","2021",0.00792427909778933
"VNM","2000",0.00442193047463602
"VNM","2001",0.0042306578035543
"VNM","2002",0.00308386614933636
"VNM","2003",0.00229040625405513
"VNM","2004",0.00134622383293147
"VNM","2005",0.000931097505605704
"VNM","2006",0.0011275878416254
"VNM","2007",0.000643920403573814
"VNM","2008",0.000475179600737121
"VNM","2009",0.000595193540807426
"VNM","2010",0.000607684622085544
"VNM","2011",0.000492298157745162
"VNM","2012",0.000554811736415321
"VNM","2013",0.000429382713480582
"VNM","2014",0.000365597589048873
"VNM","2015",0.000183909598613512
"VNM","2016",6.15750927270512e-05
"VNM","2017",0.000124880514947321
"VNM","2018",6.34398445094895e-05
"VNM","2019",6.44035761609791e-05
"VNM","2020",0
"VNM","2021",0
"VUT","2000",0.116504854368932
"VUT","2001",0.0673076923076923
"VUT","2002",0.2
"VUT","2003",0.292452830188679
"VUT","2004",0.168224299065421
"VUT","2005",0.110091743119266
"VUT","2006",0.0810810810810811
"VUT","2007",0.105263157894737
"VUT","2008",0.102564102564103
"VUT","2009",0.0491803278688525
"VUT","2010",0.0634920634920635
"VUT","2011",0.0230769230769231
"VUT","2012",0
"VUT","2013",0
"VUT","2014",0
"VUT","2015",0
"VUT","2016",0
"VUT","2017",0
"VUT","2018",0
"VUT","2019",0
"VUT","2020",0
"VUT","2021",0
"WSM","2000",0
"WSM","2001",0
"WSM","2002",0
"WSM","2003",0
"WSM","2004",0
"WSM","2005",0
"WSM","2006",0
"WSM","2007",0
"WSM","2008",0
"WSM","2009",0
"WSM","2010",0
"WSM","2011",0
"WSM","2012",0
"WSM","2013",0
"WSM","2014",0
"WSM","2015",0
"WSM","2016",0
"WSM","2017",0
"WSM","2018",0
"WSM","2019",0
"WSM","2020",0
"WSM","2021",0
"YEM","2000",0.0241952236375927
"YEM","2001",0.0301895872078185
"YEM","2002",0.0374426071749
"YEM","2003",0.0331331778132398
"YEM","2004",0.0252524203549778
"YEM","2005",0.0285889947310645
"YEM","2006",0.0386997818218456
"YEM","2007",0.0251633832350759
"YEM","2008",0.014868090223024
"YEM","2009",0.0213780804457702
"YEM","2010",0.0402687405655881
"YEM","2011",0.0246580877407598
"YEM","2012",0.0264997199485597
"YEM","2013",0.0202057416289198
"YEM","2014",0.0156624331224199
"YEM","2015",0.0121926012560683
"YEM","2016",0.016351068368784
"YEM","2017",0.0186562684761934
"YEM","2018",0.021471884229788
"YEM","2019",0.0198834367399319
"YEM","2020",0.019832488431663
"YEM","2021",0.0232314148681055
"ZAF","2000",0.0022595292036649
"ZAF","2001",0.000340974814588807
"ZAF","2002",0.000400707299157516
"ZAF","2003",0.000597250555695677
"ZAF","2004",0.000341851237892632
"ZAF","2005",0.000215260450646356
"ZAF","2006",0.000297565696487371
"ZAF","2007",0.00012257326022107
"ZAF","2008",0.00014737828354909
"ZAF","2009",0.000184112461659918
"ZAF","2010",0.000422220998293366
"ZAF","2011",0.000310397254846847
"ZAF","2012",0.000456427379723557
"ZAF","2013",0.00074782703510991
"ZAF","2014",0.00133575058033501
"ZAF","2015",0.000831863189949596
"ZAF","2016",0.000234028554007059
"ZAF","2017",0.00279583319903277
"ZAF","2018",0.000570663814044207
"ZAF","2019",0.000648000338522313
"ZAF","2020",0.000292471988942471
"ZAF","2021",0.000463517323959983
"ZMB","2000",0.222533730185624
"ZMB","2001",0.226880422634898
"ZMB","2002",0.185756052493548
"ZMB","2003",0.169467074914336
"ZMB","2004",0.142553687937033
"ZMB","2005",0.119366714233496
"ZMB","2006",0.103651385017172
"ZMB","2007",0.0923735556112556
"ZMB","2008",0.0896522157863045
"ZMB","2009",0.0914460547611411
"ZMB","2010",0.0941394701096834
"ZMB","2011",0.102766031068086
"ZMB","2012",0.111114697606998
"ZMB","2013",0.12911860405532
"ZMB","2014",0.151779985609959
"ZMB","2015",0.147564623851462
"ZMB","2016",0.147147423316687
"ZMB","2017",0.141532689952012
"ZMB","2018",0.138804193600297
"ZMB","2019",0.137449514387945
"ZMB","2020",0.136700325191051
"ZMB","2021",0.147437622804314
"ZWE","2000",0.0405855182487669
"ZWE","2001",0.0411644636790824
"ZWE","2002",0.0415456742625327
"ZWE","2003",0.0428671017328494
"ZWE","2004",0.0427875413283587
"ZWE","2005",0.0424941340611051
"ZWE","2006",0.0406561392819432
"ZWE","2007",0.0874745799142669
"ZWE","2008",0.0243334400675858
"ZWE","2009",0.0289159619011019
"ZWE","2010",0.0508649273154902
"ZWE","2011",0.0298612351830227
"ZWE","2012",0.0261613493944399
"ZWE","2013",0.0484275644642188
"ZWE","2014",0.0714378725572904
"ZWE","2015",0.0715288890063105
"ZWE","2016",0.0477673647816258
"ZWE","2017",0.109744765468378
"ZWE","2018",0.0418103372368942
"ZWE","2019",0.0557557638299518
"ZWE","2020",0.0958842870150931
"ZWE","2021",0.0208528385394502
