"ISO3","Year","dth_malaria_5to19"
"AGO",2000,5339605.12939587
"AGO",2001,5533981.49985403
"AGO",2002,5414605.70155127
"AGO",2003,5686167.83929908
"AGO",2004,5889113.1312626
"AGO",2005,6146933.8801511
"AGO",2006,6076182.44839864
"AGO",2007,5736210.21462515
"AGO",2008,5063972.57024528
"AGO",2009,4429795.83944098
"AGO",2010,4035439.87117006
"AGO",2011,3812871.60699733
"AGO",2012,3884445.90364134
"AGO",2013,4201780.1952779
"AGO",2014,4524454.91550389
"AGO",2015,4969705.17289321
"AGO",2016,5523430.09454478
"AGO",2017,6312055.45333084
"AGO",2018,6700267.07382469
"AGO",2019,7352473.64732642
"AGO",2020,8410016.10958664
"AGO",2021,8794084.94080357
"BDI",2000,2828604
"BDI",2001,2817680
"BDI",2002,2777742
"BDI",2003,2699483
"BDI",2004,2453417
"BDI",2005,2307035
"BDI",2006,2161939
"BDI",2007,1891093
"BDI",2008,1694813
"BDI",2009,1532448
"BDI",2010,1544609
"BDI",2011,1560776
"BDI",2012,1628919
"BDI",2013,1778478
"BDI",2014,1916653
"BDI",2015,2144520
"BDI",2016,2526223
"BDI",2017,2794830
"BDI",2018,3315862
"BDI",2019,3549058
"BDI",2020,3708079
"BDI",2021,3657985
"BEN",2000,2886309
"BEN",2001,3107278
"BEN",2002,3371811
"BEN",2003,3601326
"BEN",2004,3859662
"BEN",2005,4026128
"BEN",2006,4140781
"BEN",2007,4220168
"BEN",2008,4183971
"BEN",2009,4032019
"BEN",2010,3862955
"BEN",2011,3703932
"BEN",2012,3650774
"BEN",2013,3753591
"BEN",2014,3917119
"BEN",2015,4260585
"BEN",2016,4721694
"BEN",2017,4876484
"BEN",2018,4872597
"BEN",2019,4937253
"BEN",2020,4781051
"BEN",2021,4983668
"BFA",2000,7121621
"BFA",2001,7346774
"BFA",2002,7513033
"BFA",2003,7615906
"BFA",2004,7546925
"BFA",2005,7363398
"BFA",2006,7347269
"BFA",2007,7693631
"BFA",2008,8386574
"BFA",2009,8932652
"BFA",2010,9194223
"BFA",2011,9242057
"BFA",2012,9159529
"BFA",2013,8620220
"BFA",2014,8132937
"BFA",2015,7848131
"BFA",2016,7215226
"BFA",2017,7093584
"BFA",2018,7280725
"BFA",2019,7472680
"BFA",2020,8122685
"BFA",2021,8326915
"BWA",2000,19146
"BWA",2001,7698
"BWA",2002,3663
"BWA",2003,1862
"BWA",2004,1217
"BWA",2005,1466
"BWA",2006,4801
"BWA",2007,1292
"BWA",2008,2457
"BWA",2009,2719
"BWA",2010,2229
"BWA",2011,682
"BWA",2012,304
"BWA",2013,725
"BWA",2014,2076
"BWA",2015,455
"BWA",2016,985
"BWA",2017,2933
"BWA",2018,808
"BWA",2019,259
"BWA",2020,1776
"BWA",2021,1067
"CAF",2000,1661418.81477994
"CAF",2001,1668386.72327416
"CAF",2002,1707571.87026532
"CAF",2003,1767275.62437529
"CAF",2004,1837290.8973351
"CAF",2005,1872113.93430782
"CAF",2006,1889964.32924801
"CAF",2007,1891580.23228229
"CAF",2008,1888773.30194778
"CAF",2009,1869529.95191145
"CAF",2010,1843530.75503338
"CAF",2011,1825670.92555151
"CAF",2012,1802996.63767807
"CAF",2013,1782614.64801206
"CAF",2014,1740283.87476689
"CAF",2015,1669623.49525335
"CAF",2016,1638585.08480297
"CAF",2017,1642425.76595243
"CAF",2018,1654108.06050092
"CAF",2019,1681948.77323616
"CAF",2020,1795225.17818262
"CAF",2021,1826551.25180652
"CIV",2000,8349017
"CIV",2001,8818723
"CIV",2002,9068162
"CIV",2003,9270252
"CIV",2004,9314093
"CIV",2005,8692864
"CIV",2006,8496241
"CIV",2007,8685416
"CIV",2008,9176757
"CIV",2009,9645843
"CIV",2010,9969293
"CIV",2011,9963140
"CIV",2012,8330987
"CIV",2013,6533301
"CIV",2014,5955704
"CIV",2015,5658630
"CIV",2016,5867998
"CIV",2017,6229084
"CIV",2018,6730934
"CIV",2019,7184054
"CIV",2020,7398482
"CIV",2021,7443146
"CMR",2000,6133781
"CMR",2001,6421751
"CMR",2002,6530590
"CMR",2003,6910604
"CMR",2004,7231963
"CMR",2005,7297108
"CMR",2006,7222479
"CMR",2007,7031151
"CMR",2008,6574374
"CMR",2009,5936562
"CMR",2010,5688134
"CMR",2011,5451139
"CMR",2012,5418988
"CMR",2013,5667877
"CMR",2014,5825479
"CMR",2015,5996035
"CMR",2016,6126789
"CMR",2017,6151314
"CMR",2018,6218960
"CMR",2019,6246049
"CMR",2020,6601170
"CMR",2021,6665957
"COD",2000,22826514.0835363
"COD",2001,23541817.0475074
"COD",2002,24298635.9900405
"COD",2003,25246571.1311615
"COD",2004,26379550.9541446
"COD",2005,27239636.1023865
"COD",2006,27667876.7801812
"COD",2007,27977616.4183251
"COD",2008,27698851.6425723
"COD",2009,26605770.7397137
"COD",2010,25886795.2864246
"COD",2011,25108174.6164743
"COD",2012,24531464.6803438
"COD",2013,23984116.7076461
"COD",2014,23381296.3890123
"COD",2015,23263844.3146345
"COD",2016,24224130.606487
"COD",2017,25976981.690393
"COD",2018,27944491.4661794
"COD",2019,28830863.2252563
"COD",2020,30103686.6316307
"COD",2021,30518545.8605671
"COG",2000,1107615
"COG",2001,1141982
"COG",2002,1071547
"COG",2003,1093188
"COG",2004,1126012
"COG",2005,1100055
"COG",2006,1063802
"COG",2007,1015538
"COG",2008,946201
"COG",2009,923124
"COG",2010,951092
"COG",2011,987985
"COG",2012,1020805
"COG",2013,1058288
"COG",2014,1053862
"COG",2015,1068094
"COG",2016,1126282
"COG",2017,1238519
"COG",2018,1321959
"COG",2019,1324386
"COG",2020,1304055
"COG",2021,1280047
"COM",2000,35604
"COM",2001,35623
"COM",2002,35657
"COM",2003,35658
"COM",2004,35631
"COM",2005,35616
"COM",2006,35607
"COM",2007,35591
"COM",2008,35567
"COM",2009,35544
"COM",2010,36538
"COM",2011,24856
"COM",2012,49840
"COM",2013,53156
"COM",2014,2203
"COM",2015,1300
"COM",2016,1143
"COM",2017,3230
"COM",2018,15186
"COM",2019,17599
"COM",2020,4546
"COM",2021,10537
"CPV",2000,144
"CPV",2001,107
"CPV",2002,76
"CPV",2003,68
"CPV",2004,45
"CPV",2005,68
"CPV",2006,80
"CPV",2007,18
"CPV",2008,35
"CPV",2009,65
"CPV",2010,47
"CPV",2011,7
"CPV",2012,1
"CPV",2013,22
"CPV",2014,26
"CPV",2015,7
"CPV",2016,49
"CPV",2017,423
"CPV",2018,2
"CPV",2019,0
"CPV",2020,0
"CPV",2021,0
"DZA",2000,34
"DZA",2001,6
"DZA",2002,10
"DZA",2003,5
"DZA",2004,2
"DZA",2005,1
"DZA",2006,1
"DZA",2007,26
"DZA",2008,3
"DZA",2009,0
"DZA",2010,1
"DZA",2011,1
"DZA",2012,55
"DZA",2013,8
"DZA",2014,0
"DZA",2015,0
"DZA",2016,0
"DZA",2017,0
"DZA",2018,0
"DZA",2019,0
"DZA",2020,0
"DZA",2021,0
"ERI",2000,42711
"ERI",2001,54461
"ERI",2002,32823
"ERI",2003,49490
"ERI",2004,15093
"ERI",2005,27680
"ERI",2006,16438
"ERI",2007,37568
"ERI",2008,20767
"ERI",2009,27656
"ERI",2010,83471
"ERI",2011,76678
"ERI",2012,52483
"ERI",2013,49309
"ERI",2014,109689
"ERI",2015,64020
"ERI",2016,86561
"ERI",2017,115928
"ERI",2018,99716
"ERI",2019,200382
"ERI",2020,158684
"ERI",2021,92898
"ETH",2000,15016444
"ETH",2001,13910882
"ETH",2002,12570226
"ETH",2003,13022221
"ETH",2004,12673710
"ETH",2005,8879900
"ETH",2006,8345640
"ETH",2007,7346228
"ETH",2008,6406358
"ETH",2009,8773515
"ETH",2010,10362488
"ETH",2011,10953634
"ETH",2012,13064346
"ETH",2013,15281540
"ETH",2014,14339644
"ETH",2015,12528267
"ETH",2016,8922403
"ETH",2017,6600689
"ETH",2018,2793314
"ETH",2019,2645193
"ETH",2020,4227742
"ETH",2021,3783896
"GAB",2000,420619
"GAB",2001,421598
"GAB",2002,393460
"GAB",2003,342808
"GAB",2004,266172
"GAB",2005,214915
"GAB",2006,202209
"GAB",2007,200278
"GAB",2008,245099
"GAB",2009,325788
"GAB",2010,400246
"GAB",2011,452439
"GAB",2012,473866
"GAB",2013,475337
"GAB",2014,473210
"GAB",2015,473905
"GAB",2016,476346
"GAB",2017,488279
"GAB",2018,499577
"GAB",2019,512184
"GAB",2020,527769
"GAB",2021,535939
"GHA",2000,8477878
"GHA",2001,8428599
"GHA",2002,8148113
"GHA",2003,7895135
"GHA",2004,7590600
"GHA",2005,7350612
"GHA",2006,7330580
"GHA",2007,7556676
"GHA",2008,8170400
"GHA",2009,8947844
"GHA",2010,9571242
"GHA",2011,9973490
"GHA",2012,9977648
"GHA",2013,9540098
"GHA",2014,8867522
"GHA",2015,7999986
"GHA",2016,6953304
"GHA",2017,5991625
"GHA",2018,5314525
"GHA",2019,5242734
"GHA",2020,5313608
"GHA",2021,5396652
"GIN",2000,3616058
"GIN",2001,3641386
"GIN",2002,3556986
"GIN",2003,3457916
"GIN",2004,3277416
"GIN",2005,3143778
"GIN",2006,3153121
"GIN",2007,3297950
"GIN",2008,3612353
"GIN",2009,4003420
"GIN",2010,4320306
"GIN",2011,4565610
"GIN",2012,4696591
"GIN",2013,4568741
"GIN",2014,4460552
"GIN",2015,4402690
"GIN",2016,4297908
"GIN",2017,4377224
"GIN",2018,4508348
"GIN",2019,4425904
"GIN",2020,4416575
"GIN",2021,4477687
"GMB",2000,449173
"GMB",2001,449211
"GMB",2002,449003
"GMB",2003,448547
"GMB",2004,447989
"GMB",2005,447415
"GMB",2006,447057
"GMB",2007,446954
"GMB",2008,446959
"GMB",2009,447032
"GMB",2010,447124
"GMB",2011,473874
"GMB",2012,523991
"GMB",2013,429429
"GMB",2014,303721
"GMB",2015,450479
"GMB",2016,297058
"GMB",2017,148057
"GMB",2018,196160
"GMB",2019,109975
"GMB",2020,210897
"GMB",2021,213311
"GNB",2000,496631
"GNB",2001,410118
"GNB",2002,323277
"GNB",2003,240938
"GNB",2004,166563
"GNB",2005,131429
"GNB",2006,111165
"GNB",2007,112956
"GNB",2008,134274
"GNB",2009,166267
"GNB",2010,198836
"GNB",2011,212103
"GNB",2012,213019
"GNB",2013,208894
"GNB",2014,186564
"GNB",2015,161401
"GNB",2016,139154
"GNB",2017,122291
"GNB",2018,125653
"GNB",2019,146986
"GNB",2020,189707
"GNB",2021,216542
"GNQ",2000,213141
"GNQ",2001,219511
"GNQ",2002,227948
"GNQ",2003,242764
"GNQ",2004,264018
"GNQ",2005,287656
"GNQ",2006,302024
"GNQ",2007,314016
"GNQ",2008,307734
"GNQ",2009,293747
"GNQ",2010,293402
"GNQ",2011,306229
"GNQ",2012,343007
"GNQ",2013,382479
"GNQ",2014,397146
"GNQ",2015,406082
"GNQ",2016,397276
"GNQ",2017,380328
"GNQ",2018,360556
"GNQ",2019,347501
"GNQ",2020,352514
"GNQ",2021,348428
"KEN",2000,6837558
"KEN",2001,7808825
"KEN",2002,7444032
"KEN",2003,7177403
"KEN",2004,6304649
"KEN",2005,5018999
"KEN",2006,3900370
"KEN",2007,3076957
"KEN",2008,2652387
"KEN",2009,2593628
"KEN",2010,2696154
"KEN",2011,2844501
"KEN",2012,3052340
"KEN",2013,3232499
"KEN",2014,3312249
"KEN",2015,3319230
"KEN",2016,3191546
"KEN",2017,3155636
"KEN",2018,3068062
"KEN",2019,3037541
"KEN",2020,3302189
"KEN",2021,3419698
"LBR",2000,1248403
"LBR",2001,1311933
"LBR",2002,1343961
"LBR",2003,1339076
"LBR",2004,1270287
"LBR",2005,1269211
"LBR",2006,1300190
"LBR",2007,1347464
"LBR",2008,1403261
"LBR",2009,1384603
"LBR",2010,1354819
"LBR",2011,1354061
"LBR",2012,1328628
"LBR",2013,1381944
"LBR",2014,1506350
"LBR",2015,1591767
"LBR",2016,1773971
"LBR",2017,1939400
"LBR",2018,1966210
"LBR",2019,1954336
"LBR",2020,1914081
"LBR",2021,1852429
"MDG",2000,905987
"MDG",2001,1111496
"MDG",2002,898515
"MDG",2003,1180072
"MDG",2004,834134
"MDG",2005,662852
"MDG",2006,666523
"MDG",2007,442208
"MDG",2008,469371
"MDG",2009,882824
"MDG",2010,893540
"MDG",2011,823538
"MDG",2012,1594592
"MDG",2013,1497292
"MDG",2014,1078280
"MDG",2015,2345948
"MDG",2016,1408501
"MDG",2017,1971342
"MDG",2018,1921403
"MDG",2019,2032961
"MDG",2020,4010537
"MDG",2021,4911293
"MLI",2000,4565653.25251342
"MLI",2001,4719788.34836536
"MLI",2002,4977784.19585621
"MLI",2003,5230718.84124327
"MLI",2004,5475357.0622875
"MLI",2005,5683984.42300921
"MLI",2006,5527211.47430052
"MLI",2007,5474736.25031412
"MLI",2008,5515727.97914002
"MLI",2009,5630658.51138267
"MLI",2010,5957047.0487316
"MLI",2011,6491808.86633494
"MLI",2012,7194633.01357296
"MLI",2013,7699696.62856533
"MLI",2014,7740479.6022692
"MLI",2015,7097168.24372588
"MLI",2016,7184988.62861655
"MLI",2017,7469199.03057303
"MLI",2018,7710138.58781633
"MLI",2019,6863255.52374585
"MLI",2020,7586538.04744367
"MLI",2021,7744735.98207478
"MOZ",2000,8416877
"MOZ",2001,8997785
"MOZ",2002,9283388
"MOZ",2003,9278676
"MOZ",2004,8967650
"MOZ",2005,8517561
"MOZ",2006,8325146
"MOZ",2007,8256754
"MOZ",2008,8345403
"MOZ",2009,8469429
"MOZ",2010,8660053
"MOZ",2011,8783904
"MOZ",2012,9032885
"MOZ",2013,9291989
"MOZ",2014,9315947
"MOZ",2015,9403454
"MOZ",2016,9501504
"MOZ",2017,9422965
"MOZ",2018,9406462
"MOZ",2019,9421431
"MOZ",2020,9990474
"MOZ",2021,10283922
"MRT",2000,304757
"MRT",2001,307700
"MRT",2002,308961
"MRT",2003,319661
"MRT",2004,286610
"MRT",2005,281841
"MRT",2006,258559
"MRT",2007,246899
"MRT",2008,209089
"MRT",2009,108111
"MRT",2010,123348
"MRT",2011,162490
"MRT",2012,88074
"MRT",2013,101247
"MRT",2014,216687
"MRT",2015,291679
"MRT",2016,386314
"MRT",2017,306475
"MRT",2018,236485
"MRT",2019,184057
"MRT",2020,201771
"MRT",2021,85030
"MWI",2000,5068222
"MWI",2001,5289453
"MWI",2002,5157186
"MWI",2003,4851733
"MWI",2004,4633730
"MWI",2005,4716725
"MWI",2006,4638347
"MWI",2007,4731580
"MWI",2008,5115871
"MWI",2009,5457399
"MWI",2010,5615374
"MWI",2011,5570026
"MWI",2012,5053353
"MWI",2013,4685666
"MWI",2014,4353265
"MWI",2015,4106623
"MWI",2016,3949459
"MWI",2017,3911675
"MWI",2018,3859499
"MWI",2019,3867128
"MWI",2020,4252631
"MWI",2021,4359158
"MYT",2000,0
"MYT",2001,0
"MYT",2002,0
"MYT",2003,1743
"MYT",2004,1632
"MYT",2005,1089
"MYT",2006,682
"MYT",2007,614
"MYT",2008,410
"MYT",2009,206
"MYT",2010,486
"MYT",2011,99
"MYT",2012,57
"MYT",2013,21
"MYT",2014,1
"MYT",2015,2
"MYT",2016,35
"MYT",2017,19
"MYT",2018,6
"MYT",2019,0
"MYT",2020,0
"MYT",2021,0
"NAM",2000,77408
"NAM",2001,102902
"NAM",2002,70395
"NAM",2003,67564
"NAM",2004,105493
"NAM",2005,65303
"NAM",2006,68176
"NAM",2007,20663
"NAM",2008,12094
"NAM",2009,6068
"NAM",2010,2590
"NAM",2011,3092
"NAM",2012,5465
"NAM",2013,7844
"NAM",2014,25780
"NAM",2015,15052
"NAM",2016,32052
"NAM",2017,89155
"NAM",2018,50217
"NAM",2019,5705
"NAM",2020,20258
"NAM",2021,21322
"NER",2000,4134706
"NER",2001,4180737
"NER",2002,4048859
"NER",2003,3825282
"NER",2004,4016648
"NER",2005,4271200
"NER",2006,4386050
"NER",2007,4668666
"NER",2008,5403729
"NER",2009,6017879
"NER",2010,6785885
"NER",2011,7283090
"NER",2012,7633594
"NER",2013,7717689
"NER",2014,7880779
"NER",2015,8073585
"NER",2016,8053568
"NER",2017,7883346
"NER",2018,7760340
"NER",2019,7631511
"NER",2020,7845383
"NER",2021,8166369
"NGA",2000,50779020
"NGA",2001,51229713
"NGA",2002,50952482
"NGA",2003,52423482
"NGA",2004,55028747
"NGA",2005,57411916
"NGA",2006,59418382
"NGA",2007,61400329
"NGA",2008,63355538
"NGA",2009,63192869
"NGA",2010,60551056
"NGA",2011,58184509
"NGA",2012,55718235
"NGA",2013,53921321
"NGA",2014,53483458
"NGA",2015,54115123
"NGA",2016,55667334
"NGA",2017,57869533
"NGA",2018,59652248
"NGA",2019,61379283
"NGA",2020,65133759
"NGA",2021,65399501
"RWA",2000,1536115
"RWA",2001,1478868
"RWA",2002,1375805
"RWA",2003,1231753
"RWA",2004,1101660
"RWA",2005,1385594
"RWA",2006,1396437
"RWA",2007,840559
"RWA",2008,683661
"RWA",2009,1546660
"RWA",2010,1079765
"RWA",2011,390611
"RWA",2012,646386
"RWA",2013,1214623
"RWA",2014,2299121
"RWA",2015,3585563
"RWA",2016,4887836
"RWA",2017,8681013
"RWA",2018,6184131
"RWA",2019,5279485
"RWA",2020,2986047
"RWA",2021,1700493
"SEN",2000,2676527
"SEN",2001,2470115
"SEN",2002,2248602
"SEN",2003,2063074
"SEN",2004,1393434
"SEN",2005,1362379
"SEN",2006,1376263
"SEN",2007,1160145
"SEN",2008,628766
"SEN",2009,405713
"SEN",2010,763134
"SEN",2011,626038
"SEN",2012,706020
"SEN",2013,793415
"SEN",2014,532782
"SEN",2015,1010929
"SEN",2016,684129
"SEN",2017,805691
"SEN",2018,1047659
"SEN",2019,672221
"SEN",2020,835455
"SEN",2021,995763
"SLE",2000,2081568
"SLE",2001,2201474
"SLE",2002,2269445
"SLE",2003,2246838
"SLE",2004,2267452
"SLE",2005,2270241
"SLE",2006,2277054
"SLE",2007,2396659
"SLE",2008,2654929
"SLE",2009,2881379
"SLE",2010,2977797
"SLE",2011,3009591
"SLE",2012,2986182
"SLE",2013,2921184
"SLE",2014,2868023
"SLE",2015,2857523
"SLE",2016,2914796
"SLE",2017,2883985
"SLE",2018,2901372
"SLE",2019,2857585
"SLE",2020,2795827
"SLE",2021,2777394
"SSD",2000,2245004.18825963
"SSD",2001,2283971.80063079
"SSD",2002,2250591.70896613
"SSD",2003,2229084.93537433
"SSD",2004,2243889.58272975
"SSD",2005,2342844.35708687
"SSD",2006,2450862.83854454
"SSD",2007,2520885.27798532
"SSD",2008,2586745.37418307
"SSD",2009,2640300.11845433
"SSD",2010,2775374.89370967
"SSD",2011,2979272.73858054
"SSD",2012,3079924.91734377
"SSD",2013,3173418.77306961
"SSD",2014,3098291.03464766
"SSD",2015,3033662.29257338
"SSD",2016,2949646.5813518
"SSD",2017,2960681.28610399
"SSD",2018,2898120.54183912
"SSD",2019,2938499.03226345
"SSD",2020,3042784.5410709
"SSD",2021,2953582.81016149
"STP",2000,31975
"STP",2001,42086
"STP",2002,50586
"STP",2003,42656
"STP",2004,46486
"STP",2005,18139
"STP",2006,5146
"STP",2007,2421
"STP",2008,6258
"STP",2009,6182
"STP",2010,3146
"STP",2011,8442
"STP",2012,12550
"STP",2013,9243
"STP",2014,1754
"STP",2015,2056
"STP",2016,2238
"STP",2017,2239
"STP",2018,2937
"STP",2019,2732
"STP",2020,1933
"STP",2021,2719
"SWZ",2000,787
"SWZ",2001,1395
"SWZ",2002,670
"SWZ",2003,342
"SWZ",2004,574
"SWZ",2005,279
"SWZ",2006,155
"SWZ",2007,84
"SWZ",2008,58
"SWZ",2009,106
"SWZ",2010,268
"SWZ",2011,379
"SWZ",2012,409
"SWZ",2013,728
"SWZ",2014,389
"SWZ",2015,318
"SWZ",2016,250
"SWZ",2017,440
"SWZ",2018,686
"SWZ",2019,235
"SWZ",2020,233
"SWZ",2021,306
"TCD",2000,2205617.8655787
"TCD",2001,2291665.12811009
"TCD",2002,2066768.63027365
"TCD",2003,2100279.76963626
"TCD",2004,2133329.36029337
"TCD",2005,2232423.31477155
"TCD",2006,2342105.38679247
"TCD",2007,2424988.27382934
"TCD",2008,2521828.89766758
"TCD",2009,2687611.87077129
"TCD",2010,2777637.36175008
"TCD",2011,2680861.21883505
"TCD",2012,2581469.49604449
"TCD",2013,2516380.8935529
"TCD",2014,2584781.03824146
"TCD",2015,2681805.60768347
"TCD",2016,2812456.91736864
"TCD",2017,2961677.16441336
"TCD",2018,3216108.92750214
"TCD",2019,3277966.02896325
"TCD",2020,3433441.41476696
"TCD",2021,3506428.22005409
"TGO",2000,2221914
"TGO",2001,2289405
"TGO",2002,2382832
"TGO",2003,2518511
"TGO",2004,2657728
"TGO",2005,2693615
"TGO",2006,2660724
"TGO",2007,2566605
"TGO",2008,2307220
"TGO",2009,2050314
"TGO",2010,1984921
"TGO",2011,2034724
"TGO",2012,2295985
"TGO",2013,2609672
"TGO",2014,2688180
"TGO",2015,2669469
"TGO",2016,2488548
"TGO",2017,2179253
"TGO",2018,2014395
"TGO",2019,1966638
"TGO",2020,2049459
"TGO",2021,2053345
"TZA",2000,12072965
"TZA",2001,12064438
"TZA",2002,11478532
"TZA",2003,11088120
"TZA",2004,10574049
"TZA",2005,9949128
"TZA",2006,9232996
"TZA",2007,8298126
"TZA",2008,7417960
"TZA",2009,6797118
"TZA",2010,6350485
"TZA",2011,5992159
"TZA",2012,5841953
"TZA",2013,6440590
"TZA",2014,7267262
"TZA",2015,7382963
"TZA",2016,7151258
"TZA",2017,7003374
"TZA",2018,6852548
"TZA",2019,7040493
"TZA",2020,7604750
"TZA",2021,7997711
"UGA",2000,11703496.0822401
"UGA",2001,12579134.2099744
"UGA",2002,12776442.1413319
"UGA",2003,12758978.1298471
"UGA",2004,12210978.8626268
"UGA",2005,12118906.1981303
"UGA",2006,12122459.6331709
"UGA",2007,12308621.966124
"UGA",2008,12751923.4339679
"UGA",2009,13289108.4250967
"UGA",2010,13241888.9332776
"UGA",2011,13141152.5515666
"UGA",2012,12905814.1734409
"UGA",2013,11722973.2836513
"UGA",2014,10693203.5727324
"UGA",2015,9501063.64955339
"UGA",2016,10971082.5525908
"UGA",2017,11833607.881725
"UGA",2018,10905744.9902443
"UGA",2019,11282360.7466851
"UGA",2020,12602807.2650825
"UGA",2021,13023397.9182495
"ZAF",2000,18206
"ZAF",2001,26506
"ZAF",2002,15649
"ZAF",2003,13459
"ZAF",2004,13399
"ZAF",2005,7755
"ZAF",2006,12098
"ZAF",2007,6327
"ZAF",2008,7796
"ZAF",2009,6072
"ZAF",2010,8060
"ZAF",2011,9866
"ZAF",2012,6621
"ZAF",2013,8645
"ZAF",2014,11705
"ZAF",2015,4959
"ZAF",2016,4323
"ZAF",2017,23381
"ZAF",2018,9562
"ZAF",2019,4821
"ZAF",2020,4463
"ZAF",2021,2958
"ZMB",2000,3927883.51984295
"ZMB",2001,4119122.8408358
"ZMB",2002,3903346.55835666
"ZMB",2003,3777289.80082333
"ZMB",2004,3376477.3868671
"ZMB",2005,2988921.86306979
"ZMB",2006,2663591.29194272
"ZMB",2007,2399017.12993325
"ZMB",2008,2217906.30307901
"ZMB",2009,2200401.47349086
"ZMB",2010,2323628.28652403
"ZMB",2011,2575149.90680586
"ZMB",2012,2954071.4342761
"ZMB",2013,3467685.68307468
"ZMB",2014,3656181.67911699
"ZMB",2015,3563606.38731952
"ZMB",2016,3453634.63388427
"ZMB",2017,3204416.38517616
"ZMB",2018,3189765.23916312
"ZMB",2019,3205531.00631889
"ZMB",2020,3537563.99341774
"ZMB",2021,3655518.89832128
"ZWE",2000,987103
"ZWE",2001,993468
"ZWE",2002,999612
"ZWE",2003,1007217
"ZWE",2004,1014311
"ZWE",2005,1019639
"ZWE",2006,1028458
"ZWE",2007,1690025
"ZWE",2008,688884
"ZWE",2009,763956
"ZWE",2010,1097776
"ZWE",2011,722030
"ZWE",2012,592559
"ZWE",2013,863692
"ZWE",2014,1093059
"ZWE",2015,1067121
"ZWE",2016,760626
"ZWE",2017,1337886
"ZWE",2018,634718
"ZWE",2019,782740
"ZWE",2020,1152901
"ZWE",2021,342543
"AFG",2000,1312939
"AFG",2001,1312939
"AFG",2002,1382972
"AFG",2003,1242906
"AFG",2004,716954
"AFG",2005,535477
"AFG",2006,418216
"AFG",2007,452626
"AFG",2008,402909
"AFG",2009,274981
"AFG",2010,292015
"AFG",2011,362319
"AFG",2012,220653
"AFG",2013,279634
"AFG",2014,319142
"AFG",2015,368235
"AFG",2016,733205
"AFG",2017,798871
"AFG",2018,633500
"AFG",2019,413480
"AFG",2020,253150
"AFG",2021,193232
"ARE",2000,0
"ARE",2001,0
"ARE",2002,0
"ARE",2003,0
"ARE",2004,0
"ARE",2005,0
"ARE",2006,0
"ARE",2007,0
"ARE",2008,0
"ARE",2009,0
"ARE",2010,0
"ARE",2011,0
"ARE",2012,0
"ARE",2013,0
"ARE",2014,0
"ARE",2015,0
"ARE",2016,0
"ARE",2017,0
"ARE",2018,0
"ARE",2019,0
"ARE",2020,0
"ARE",2021,0
"DJI",2000,1731
"DJI",2001,1786
"DJI",2002,1841
"DJI",2003,1881
"DJI",2004,1909
"DJI",2005,1938
"DJI",2006,1976
"DJI",2007,2018
"DJI",2008,2060
"DJI",2009,2686
"DJI",2010,1010
"DJI",2011,2185
"DJI",2012,2226
"DJI",2013,1684
"DJI",2014,9439
"DJI",2015,9473
"DJI",2016,13822
"DJI",2017,14671
"DJI",2018,24845
"DJI",2019,49402
"DJI",2020,72332
"DJI",2021,58445
"EGY",2000,0
"EGY",2001,0
"EGY",2002,0
"EGY",2003,0
"EGY",2004,0
"EGY",2005,0
"EGY",2006,0
"EGY",2007,0
"EGY",2008,0
"EGY",2009,0
"EGY",2010,0
"EGY",2011,0
"EGY",2012,0
"EGY",2013,0
"EGY",2014,0
"EGY",2015,0
"EGY",2016,0
"EGY",2017,0
"EGY",2018,0
"EGY",2019,0
"EGY",2020,0
"EGY",2021,0
"IRN",2000,19716
"IRN",2001,19303
"IRN",2002,15558
"IRN",2003,23562
"IRN",2004,13821
"IRN",2005,18966
"IRN",2006,15909
"IRN",2007,15712
"IRN",2008,8349
"IRN",2009,4345
"IRN",2010,1847
"IRN",2011,1632
"IRN",2012,756
"IRN",2013,480
"IRN",2014,358
"IRN",2015,167
"IRN",2016,81
"IRN",2017,57
"IRN",2018,0
"IRN",2019,0
"IRN",2020,0
"IRN",2021,0
"IRQ",2000,1860
"IRQ",2001,1265
"IRQ",2002,952
"IRQ",2003,347
"IRQ",2004,155
"IRQ",2005,47
"IRQ",2006,24
"IRQ",2007,2
"IRQ",2008,2
"IRQ",2009,0
"IRQ",2010,0
"IRQ",2011,0
"IRQ",2012,0
"IRQ",2013,0
"IRQ",2014,0
"IRQ",2015,0
"IRQ",2016,5
"IRQ",2017,0
"IRQ",2018,0
"IRQ",2019,0
"IRQ",2020,0
"IRQ",2021,0
"MAR",2000,3
"MAR",2001,0
"MAR",2002,19
"MAR",2003,4
"MAR",2004,1
"MAR",2005,0
"MAR",2006,0
"MAR",2007,0
"MAR",2008,0
"MAR",2009,0
"MAR",2010,0
"MAR",2011,0
"MAR",2012,0
"MAR",2013,0
"MAR",2014,0
"MAR",2015,0
"MAR",2016,0
"MAR",2017,0
"MAR",2018,0
"MAR",2019,0
"MAR",2020,0
"MAR",2021,0
"OMN",2000,6
"OMN",2001,2
"OMN",2002,6
"OMN",2003,6
"OMN",2004,0
"OMN",2005,0
"OMN",2006,0
"OMN",2007,4
"OMN",2008,0
"OMN",2009,0
"OMN",2010,0
"OMN",2011,0
"OMN",2012,0
"OMN",2013,0
"OMN",2014,0
"OMN",2015,0
"OMN",2016,0
"OMN",2017,0
"OMN",2018,0
"OMN",2019,0
"OMN",2020,0
"OMN",2021,0
"PAK",2000,923913
"PAK",2001,1037774
"PAK",2002,966325
"PAK",2003,924733
"PAK",2004,683580
"PAK",2005,845170
"PAK",2006,851104
"PAK",2007,835398
"PAK",2008,763800
"PAK",2009,1015691
"PAK",2010,1445704
"PAK",2011,1905938
"PAK",2012,1652576
"PAK",2013,1381009
"PAK",2014,994600
"PAK",2015,1000339
"PAK",2016,1017237
"PAK",2017,819944
"PAK",2018,705529
"PAK",2019,640380
"PAK",2020,542779
"PAK",2021,505620
"SAU",2000,6608
"SAU",2001,3074
"SAU",2002,2612
"SAU",2003,1724
"SAU",2004,1232
"SAU",2005,1059
"SAU",2006,1278
"SAU",2007,467
"SAU",2008,61
"SAU",2009,58
"SAU",2010,29
"SAU",2011,69
"SAU",2012,82
"SAU",2013,34
"SAU",2014,30
"SAU",2015,83
"SAU",2016,272
"SAU",2017,177
"SAU",2018,61
"SAU",2019,38
"SAU",2020,83
"SAU",2021,0
"SDN",2000,2439775.15244979
"SDN",2001,2326967.94768596
"SDN",2002,1837673.12274058
"SDN",2003,1722030.1133898
"SDN",2004,1596519.67944928
"SDN",2005,1614440.25938553
"SDN",2006,1597895.83383648
"SDN",2007,1450820.18089407
"SDN",2008,1238850.52952187
"SDN",2009,1140986.61375717
"SDN",2010,1104287.22666775
"SDN",2011,1120801.961933
"SDN",2012,1162568.68939701
"SDN",2013,1257489.71728567
"SDN",2014,1427317.16487973
"SDN",2015,1611298.12509551
"SDN",2016,2097220.82466584
"SDN",2017,2187618.96470414
"SDN",2018,2485883.60903345
"SDN",2019,2835630.12556313
"SDN",2020,3261859.73582591
"SDN",2021,3325874.76429948
"SOM",2000,1177314
"SOM",2001,1283399
"SOM",2002,1236218
"SOM",2003,1268524
"SOM",2004,1245035
"SOM",2005,1392857
"SOM",2006,1274766
"SOM",2007,1128218
"SOM",2008,719911
"SOM",2009,454522
"SOM",2010,500313
"SOM",2011,419303
"SOM",2012,433472
"SOM",2013,534460
"SOM",2014,668820
"SOM",2015,811764
"SOM",2016,837484
"SOM",2017,820464
"SOM",2018,913696
"SOM",2019,957015
"SOM",2020,926877
"SOM",2021,1131892
"SYR",2000,6
"SYR",2001,63
"SYR",2002,15
"SYR",2003,2
"SYR",2004,1
"SYR",2005,0
"SYR",2006,0
"SYR",2007,0
"SYR",2008,0
"SYR",2009,0
"SYR",2010,0
"SYR",2011,0
"SYR",2012,0
"SYR",2013,0
"SYR",2014,0
"SYR",2015,0
"SYR",2016,0
"SYR",2017,0
"SYR",2018,0
"SYR",2019,0
"SYR",2020,0
"SYR",2021,0
"YEM",2000,1061470
"YEM",2001,1182990
"YEM",2002,1307377
"YEM",2003,1188478
"YEM",2004,956179
"YEM",2005,1002795
"YEM",2006,1201845
"YEM",2007,852425
"YEM",2008,539905
"YEM",2009,702010
"YEM",2010,1131912
"YEM",2011,792771
"YEM",2012,860962
"YEM",2013,700432
"YEM",2014,587292
"YEM",2015,513816
"YEM",2016,661252
"YEM",2017,747173
"YEM",2018,871031
"YEM",2019,831533
"YEM",2020,800213
"YEM",2021,979967
"ARM",2000,141
"ARM",2001,79
"ARM",2002,52
"ARM",2003,29
"ARM",2004,47
"ARM",2005,7
"ARM",2006,0
"ARM",2007,0
"ARM",2008,0
"ARM",2009,0
"ARM",2010,0
"ARM",2011,0
"ARM",2012,0
"ARM",2013,0
"ARM",2014,0
"ARM",2015,0
"ARM",2016,0
"ARM",2017,0
"ARM",2018,0
"ARM",2019,0
"ARM",2020,0
"ARM",2021,0
"AZE",2000,1526
"AZE",2001,1054
"AZE",2002,505
"AZE",2003,480
"AZE",2004,386
"AZE",2005,242
"AZE",2006,141
"AZE",2007,108
"AZE",2008,72
"AZE",2009,78
"AZE",2010,50
"AZE",2011,4
"AZE",2012,3
"AZE",2013,0
"AZE",2014,0
"AZE",2015,0
"AZE",2016,0
"AZE",2017,0
"AZE",2018,0
"AZE",2019,0
"AZE",2020,0
"AZE",2021,0
"GEO",2000,245
"GEO",2001,438
"GEO",2002,474
"GEO",2003,316
"GEO",2004,257
"GEO",2005,155
"GEO",2006,59
"GEO",2007,24
"GEO",2008,6
"GEO",2009,1
"GEO",2010,0
"GEO",2011,0
"GEO",2012,0
"GEO",2013,0
"GEO",2014,0
"GEO",2015,0
"GEO",2016,0
"GEO",2017,0
"GEO",2018,0
"GEO",2019,0
"GEO",2020,0
"GEO",2021,0
"KAZ",2000,0
"KAZ",2001,0
"KAZ",2002,0
"KAZ",2003,0
"KAZ",2004,0
"KAZ",2005,0
"KAZ",2006,0
"KAZ",2007,0
"KAZ",2008,0
"KAZ",2009,0
"KAZ",2010,0
"KAZ",2011,0
"KAZ",2012,0
"KAZ",2013,0
"KAZ",2014,0
"KAZ",2015,0
"KAZ",2016,0
"KAZ",2017,0
"KAZ",2018,0
"KAZ",2019,0
"KAZ",2020,0
"KAZ",2021,0
"KGZ",2000,7
"KGZ",2001,15
"KGZ",2002,2725
"KGZ",2003,461
"KGZ",2004,91
"KGZ",2005,225
"KGZ",2006,318
"KGZ",2007,96
"KGZ",2008,18
"KGZ",2009,1
"KGZ",2010,3
"KGZ",2011,0
"KGZ",2012,0
"KGZ",2013,0
"KGZ",2014,0
"KGZ",2015,0
"KGZ",2016,0
"KGZ",2017,0
"KGZ",2018,0
"KGZ",2019,0
"KGZ",2020,0
"KGZ",2021,0
"TJK",2000,19064
"TJK",2001,11387
"TJK",2002,6160
"TJK",2003,5428
"TJK",2004,3588
"TJK",2005,2309
"TJK",2006,1344
"TJK",2007,635
"TJK",2008,318
"TJK",2009,164
"TJK",2010,112
"TJK",2011,78
"TJK",2012,28
"TJK",2013,4
"TJK",2014,2
"TJK",2015,0
"TJK",2016,0
"TJK",2017,0
"TJK",2018,0
"TJK",2019,0
"TJK",2020,0
"TJK",2021,0
"TKM",2000,24
"TKM",2001,8
"TKM",2002,18
"TKM",2003,7
"TKM",2004,3
"TKM",2005,1
"TKM",2006,1
"TKM",2007,0
"TKM",2008,0
"TKM",2009,0
"TKM",2010,0
"TKM",2011,0
"TKM",2012,0
"TKM",2013,0
"TKM",2014,0
"TKM",2015,0
"TKM",2016,0
"TKM",2017,0
"TKM",2018,0
"TKM",2019,0
"TKM",2020,0
"TKM",2021,0
"TUR",2000,11432
"TUR",2001,10812
"TUR",2002,10224
"TUR",2003,9222
"TUR",2004,5302
"TUR",2005,2084
"TUR",2006,796
"TUR",2007,313
"TUR",2008,166
"TUR",2009,38
"TUR",2010,0
"TUR",2011,0
"TUR",2012,0
"TUR",2013,0
"TUR",2014,0
"TUR",2015,0
"TUR",2016,0
"TUR",2017,0
"TUR",2018,0
"TUR",2019,0
"TUR",2020,0
"TUR",2021,0
"UZB",2000,126
"UZB",2001,77
"UZB",2002,74
"UZB",2003,74
"UZB",2004,66
"UZB",2005,102
"UZB",2006,73
"UZB",2007,30
"UZB",2008,7
"UZB",2009,0
"UZB",2010,3
"UZB",2011,0
"UZB",2012,0
"UZB",2013,0
"UZB",2014,0
"UZB",2015,0
"UZB",2016,0
"UZB",2017,0
"UZB",2018,0
"UZB",2019,0
"UZB",2020,2
"UZB",2021,0
"ARG",2000,440
"ARG",2001,215
"ARG",2002,125
"ARG",2003,124
"ARG",2004,116
"ARG",2005,231
"ARG",2006,172
"ARG",2007,328
"ARG",2008,105
"ARG",2009,92
"ARG",2010,54
"ARG",2011,0
"ARG",2012,0
"ARG",2013,0
"ARG",2014,0
"ARG",2015,0
"ARG",2016,0
"ARG",2017,0
"ARG",2018,0
"ARG",2019,0
"ARG",2020,0
"ARG",2021,0
"BLZ",2000,1486
"BLZ",2001,1162
"BLZ",2002,1134
"BLZ",2003,1324
"BLZ",2004,1066
"BLZ",2005,1549
"BLZ",2006,844
"BLZ",2007,845
"BLZ",2008,540
"BLZ",2009,256
"BLZ",2010,150
"BLZ",2011,72
"BLZ",2012,33
"BLZ",2013,20
"BLZ",2014,19
"BLZ",2015,9
"BLZ",2016,4
"BLZ",2017,7
"BLZ",2018,3
"BLZ",2019,0
"BLZ",2020,0
"BLZ",2021,0
"BOL",2000,45647
"BOL",2001,22330
"BOL",2002,19768
"BOL",2003,27568
"BOL",2004,20206
"BOL",2005,27296
"BOL",2006,25742
"BOL",2007,19799
"BOL",2008,13210
"BOL",2009,13344
"BOL",2010,18659
"BOL",2011,9680
"BOL",2012,10048
"BOL",2013,10906
"BOL",2014,10994
"BOL",2015,9315
"BOL",2016,7510
"BOL",2017,6195
"BOL",2018,7239
"BOL",2019,12654
"BOL",2020,16506
"BOL",2021,3180
"BRA",2000,760760
"BRA",2001,467114
"BRA",2002,407200
"BRA",2003,465651
"BRA",2004,516739
"BRA",2005,658276
"BRA",2006,584183
"BRA",2007,534516
"BRA",2008,335694
"BRA",2009,328858
"BRA",2010,390024
"BRA",2011,284024
"BRA",2012,258095
"BRA",2013,197679
"BRA",2014,146599
"BRA",2015,164589
"BRA",2016,132022
"BRA",2017,220913
"BRA",2018,218813
"BRA",2019,178652
"BRA",2020,167097
"BRA",2021,162016
"COL",2000,210720
"COL",2001,333024
"COL",2002,291432
"COL",2003,254224
"COL",2004,197464
"COL",2005,166899
"COL",2006,165418
"COL",2007,173191
"COL",2008,109966
"COL",2009,110555
"COL",2010,164564
"COL",2011,90130
"COL",2012,84176
"COL",2013,72346
"COL",2014,57024
"COL",2015,84841
"COL",2016,115550
"COL",2017,80963
"COL",2018,93827
"COL",2019,119761
"COL",2020,105996
"COL",2021,102418
"CRI",2000,1879
"CRI",2001,1363
"CRI",2002,1021
"CRI",2003,718
"CRI",2004,1289
"CRI",2005,3541
"CRI",2006,2903
"CRI",2007,1223
"CRI",2008,966
"CRI",2009,262
"CRI",2010,110
"CRI",2011,10
"CRI",2012,6
"CRI",2013,0
"CRI",2014,0
"CRI",2015,0
"CRI",2016,4
"CRI",2017,12
"CRI",2018,70
"CRI",2019,95
"CRI",2020,90
"CRI",2021,189
"DOM",2000,1524
"DOM",2001,1315
"DOM",2002,1685
"DOM",2003,1983
"DOM",2004,3046
"DOM",2005,4950
"DOM",2006,4535
"DOM",2007,3478
"DOM",2008,2365
"DOM",2009,2115
"DOM",2010,3202
"DOM",2011,2088
"DOM",2012,1232
"DOM",2013,613
"DOM",2014,566
"DOM",2015,778
"DOM",2016,851
"DOM",2017,420
"DOM",2018,534
"DOM",2019,1592
"DOM",2020,1019
"DOM",2021,378
"ECU",2000,104528
"ECU",2001,108903
"ECU",2002,86757
"ECU",2003,52065
"ECU",2004,28730
"ECU",2005,17050
"ECU",2006,9863
"ECU",2007,8194
"ECU",2008,4891
"ECU",2009,4126
"ECU",2010,1888
"ECU",2011,1219
"ECU",2012,544
"ECU",2013,368
"ECU",2014,242
"ECU",2015,618
"ECU",2016,1191
"ECU",2017,1275
"ECU",2018,1653
"ECU",2019,1803
"ECU",2020,1934
"ECU",2021,2175
"GTM",2000,63676
"GTM",2001,42680
"GTM",2002,42213
"GTM",2003,36810
"GTM",2004,34124
"GTM",2005,46748
"GTM",2006,36610
"GTM",2007,17992
"GTM",2008,8421
"GTM",2009,8285
"GTM",2010,9468
"GTM",2011,7968
"GTM",2012,6262
"GTM",2013,7282
"GTM",2014,5764
"GTM",2015,6482
"GTM",2016,5857
"GTM",2017,4832
"GTM",2018,3541
"GTM",2019,2428
"GTM",2020,1241
"GTM",2021,1493
"GUF",2000,4428
"GUF",2001,4554
"GUF",2002,4348
"GUF",2003,4540
"GUF",2004,3580
"GUF",2005,4015
"GUF",2006,4796
"GUF",2007,5647
"GUF",2008,3884
"GUF",2009,4051
"GUF",2010,2092
"GUF",2011,1413
"GUF",2012,1054
"GUF",2013,1025
"GUF",2014,541
"GUF",2015,462
"GUF",2016,268
"GUF",2017,685
"GUF",2018,640
"GUF",2019,248
"GUF",2020,164
"GUF",2021,86
"GUY",2000,33628
"GUY",2001,37974
"GUY",2002,30656
"GUY",2003,38681
"GUY",2004,40416
"GUY",2005,54583
"GUY",2006,27629
"GUY",2007,15697
"GUY",2008,16365
"GUY",2009,17877
"GUY",2010,29631
"GUY",2011,38863
"GUY",2012,43572
"GUY",2013,57459
"GUY",2014,22310
"GUY",2015,18030
"GUY",2016,19317
"GUY",2017,25167
"GUY",2018,30769
"GUY",2019,26307
"GUY",2020,22159
"GUY",2021,25792
"HND",2000,51498
"HND",2001,35405
"HND",2002,25251
"HND",2003,20706
"HND",2004,25353
"HND",2005,23468
"HND",2006,17218
"HND",2007,14962
"HND",2008,11741
"HND",2009,12900
"HND",2010,13308
"HND",2011,10269
"HND",2012,8680
"HND",2013,7231
"HND",2014,4553
"HND",2015,4792
"HND",2016,5519
"HND",2017,1716
"HND",2018,933
"HND",2019,444
"HND",2020,1098
"HND",2021,2290
"HTI",2000,72190
"HTI",2001,73498
"HTI",2002,74792
"HTI",2003,76093
"HTI",2004,77382
"HTI",2005,78681
"HTI",2006,81199
"HTI",2007,73292
"HTI",2008,89554
"HTI",2009,84023
"HTI",2010,84993
"HTI",2011,81483
"HTI",2012,65545
"HTI",2013,62551
"HTI",2014,33119
"HTI",2015,32185
"HTI",2016,36279
"HTI",2017,33122
"HTI",2018,16000
"HTI",2019,17703
"HTI",2020,40876
"HTI",2021,22546
"MEX",2000,7390
"MEX",2001,4996
"MEX",2002,4624
"MEX",2003,3819
"MEX",2004,3406
"MEX",2005,2967
"MEX",2006,2514
"MEX",2007,2361
"MEX",2008,2357
"MEX",2009,2703
"MEX",2010,1226
"MEX",2011,1124
"MEX",2012,833
"MEX",2013,495
"MEX",2014,656
"MEX",2015,517
"MEX",2016,551
"MEX",2017,736
"MEX",2018,803
"MEX",2019,618
"MEX",2020,356
"MEX",2021,242
"NIC",2000,29953
"NIC",2001,13275
"NIC",2002,9745
"NIC",2003,8507
"NIC",2004,8735
"NIC",2005,8412
"NIC",2006,3943
"NIC",2007,1717
"NIC",2008,965
"NIC",2009,772
"NIC",2010,876
"NIC",2011,1171
"NIC",2012,1564
"NIC",2013,1471
"NIC",2014,1446
"NIC",2015,2886
"NIC",2016,7943
"NIC",2017,13866
"NIC",2018,20158
"NIC",2019,16717
"NIC",2020,32469
"NIC",2021,29457
"PAN",2000,1091
"PAN",2001,977
"PAN",2002,2363
"PAN",2003,4739
"PAN",2004,5365
"PAN",2005,3861
"PAN",2006,1751
"PAN",2007,1349
"PAN",2008,783
"PAN",2009,819
"PAN",2010,440
"PAN",2011,372
"PAN",2012,888
"PAN",2013,740
"PAN",2014,1005
"PAN",2015,575
"PAN",2016,809
"PAN",2017,801
"PAN",2018,789
"PAN",2019,1849
"PAN",2020,2049
"PAN",2021,4585
"PER",2000,103335
"PER",2001,105067
"PER",2002,128960
"PER",2003,111816
"PER",2004,115387
"PER",2005,108134
"PER",2006,80054
"PER",2007,62633
"PER",2008,54608
"PER",2009,52035
"PER",2010,37847
"PER",2011,30924
"PER",2012,40437
"PER",2013,62669
"PER",2014,83936
"PER",2015,86896
"PER",2016,72836
"PER",2017,72752
"PER",2018,58455
"PER",2019,45729
"PER",2020,29745
"PER",2021,23250
"PRY",2000,6853
"PRY",2001,2706
"PRY",2002,2775
"PRY",2003,1388
"PRY",2004,692
"PRY",2005,373
"PRY",2006,820
"PRY",2007,1337
"PRY",2008,331
"PRY",2009,80
"PRY",2010,20
"PRY",2011,1
"PRY",2012,0
"PRY",2013,0
"PRY",2014,0
"PRY",2015,0
"PRY",2016,0
"PRY",2017,0
"PRY",2018,0
"PRY",2019,0
"PRY",2020,0
"PRY",2021,0
"SLV",2000,753
"SLV",2001,362
"SLV",2002,117
"SLV",2003,85
"SLV",2004,112
"SLV",2005,67
"SLV",2006,49
"SLV",2007,40
"SLV",2008,33
"SLV",2009,21
"SLV",2010,17
"SLV",2011,7
"SLV",2012,13
"SLV",2013,6
"SLV",2014,6
"SLV",2015,5
"SLV",2016,12
"SLV",2017,0
"SLV",2018,0
"SLV",2019,0
"SLV",2020,0
"SLV",2021,0
"SUR",2000,11361
"SUR",2001,16003
"SUR",2002,12837
"SUR",2003,10982
"SUR",2004,8378
"SUR",2005,9131
"SUR",2006,3289
"SUR",2007,1104
"SUR",2008,2086
"SUR",2009,2499
"SUR",2010,1771
"SUR",2011,795
"SUR",2012,569
"SUR",2013,525
"SUR",2014,401
"SUR",2015,81
"SUR",2016,78
"SUR",2017,137
"SUR",2018,30
"SUR",2019,104
"SUR",2020,156
"SUR",2021,22
"VEN",2000,35517
"VEN",2001,23834
"VEN",2002,35029
"VEN",2003,37510
"VEN",2004,54984
"VEN",2005,52979
"VEN",2006,43638
"VEN",2007,48834
"VEN",2008,37482
"VEN",2009,41927
"VEN",2010,57905
"VEN",2011,53565
"VEN",2012,61850
"VEN",2013,92159
"VEN",2014,106079
"VEN",2015,159661
"VEN",2016,281897
"VEN",2017,482617
"VEN",2018,475212
"VEN",2019,467421
"VEN",2020,231743
"VEN",2021,204683
"BGD",2000,94616
"BGD",2001,96431
"BGD",2002,98239
"BGD",2003,99970
"BGD",2004,101645
"BGD",2005,103199
"BGD",2006,68539
"BGD",2007,126937
"BGD",2008,121043
"BGD",2009,80603
"BGD",2010,69307
"BGD",2011,63432
"BGD",2012,35375
"BGD",2013,31594
"BGD",2014,66274
"BGD",2015,45478
"BGD",2016,31621
"BGD",2017,33331
"BGD",2018,12397
"BGD",2019,21202
"BGD",2020,7545
"BGD",2021,8974
"BTN",2000,5935
"BTN",2001,5982
"BTN",2002,6511
"BTN",2003,3806
"BTN",2004,2670
"BTN",2005,1825
"BTN",2006,1868
"BTN",2007,793
"BTN",2008,329
"BTN",2009,1057
"BTN",2010,436
"BTN",2011,194
"BTN",2012,82
"BTN",2013,15
"BTN",2014,19
"BTN",2015,34
"BTN",2016,15
"BTN",2017,11
"BTN",2018,6
"BTN",2019,2
"BTN",2020,22
"BTN",2021,9
"IDN",2000,1141362
"IDN",2001,1157570
"IDN",2002,1173580
"IDN",2003,1189388
"IDN",2004,1087185
"IDN",2005,1187260
"IDN",2006,1385963
"IDN",2007,1252185
"IDN",2008,1268598
"IDN",2009,1284831
"IDN",2010,1991459
"IDN",2011,1811566
"IDN",2012,1797022
"IDN",2013,1529542
"IDN",2014,1163077
"IDN",2015,1039394
"IDN",2016,1087349
"IDN",2017,744237
"IDN",2018,662497
"IDN",2019,774340
"IDN",2020,769298
"IDN",2021,811636
"IND",2000,19692324
"IND",2001,20074161
"IND",2002,18873095
"IND",2003,20204783
"IND",2004,22459650
"IND",2005,24222815
"IND",2006,19820326
"IND",2007,19163338
"IND",2008,20063261
"IND",2009,20663404
"IND",2010,20241628
"IND",2011,17298372
"IND",2012,14056674
"IND",2013,10943831
"IND",2014,11138430
"IND",2015,11856993
"IND",2016,12411360
"IND",2017,9333319
"IND",2018,6743579
"IND",2019,5549896
"IND",2020,4133982
"IND",2021,4265026
"LKA",2000,210039
"LKA",2001,66522
"LKA",2002,41411
"LKA",2003,10510
"LKA",2004,3720
"LKA",2005,1640
"LKA",2006,591
"LKA",2007,198
"LKA",2008,649
"LKA",2009,531
"LKA",2010,684
"LKA",2011,124
"LKA",2012,23
"LKA",2013,0
"LKA",2014,0
"LKA",2015,0
"LKA",2016,0
"LKA",2017,0
"LKA",2018,0
"LKA",2019,0
"LKA",2020,0
"LKA",2021,0
"MMR",2000,1355454
"MMR",2001,1369637
"MMR",2002,1383490
"MMR",2003,1396707
"MMR",2004,1409035
"MMR",2005,1420525
"MMR",2006,1017913
"MMR",2007,1285206
"MMR",2008,1573810
"MMR",2009,1492378
"MMR",2010,1507212
"MMR",2011,1326603
"MMR",2012,1754334
"MMR",2013,611838
"MMR",2014,383705
"MMR",2015,271652
"MMR",2016,162032
"MMR",2017,120755
"MMR",2018,108681
"MMR",2019,78326
"MMR",2020,82144
"MMR",2021,292857
"NPL",2000,47986
"NPL",2001,55778
"NPL",2002,85217
"NPL",2003,72856
"NPL",2004,34773
"NPL",2005,36030
"NPL",2006,35567
"NPL",2007,42145
"NPL",2008,31003
"NPL",2009,25643
"NPL",2010,30196
"NPL",2011,18512
"NPL",2012,13662
"NPL",2013,10164
"NPL",2014,4912
"NPL",2015,4370
"NPL",2016,3353
"NPL",2017,2690
"NPL",2018,2736
"NPL",2019,464
"NPL",2020,244
"NPL",2021,106
"PRK",2000,90582
"PRK",2001,115615
"PRK",2002,98852
"PRK",2003,16538
"PRK",2004,15827
"PRK",2005,6728
"PRK",2006,6913
"PRK",2007,4795
"PRK",2008,16611
"PRK",2009,14632
"PRK",2010,13520
"PRK",2011,16760
"PRK",2012,21850
"PRK",2013,14407
"PRK",2014,10535
"PRK",2015,7022
"PRK",2016,5033
"PRK",2017,4603
"PRK",2018,3698
"PRK",2019,1869
"PRK",2020,1819
"PRK",2021,2357
"THA",2000,78561
"THA",2001,63528
"THA",2002,44555
"THA",2003,37355
"THA",2004,26690
"THA",2005,29782
"THA",2006,30294
"THA",2007,33178
"THA",2008,28569
"THA",2009,29462
"THA",2010,32480
"THA",2011,24897
"THA",2012,46895
"THA",2013,41602
"THA",2014,41218
"THA",2015,14265
"THA",2016,7727
"THA",2017,4393
"THA",2018,4454
"THA",2019,3644
"THA",2020,2988
"THA",2021,2219
"TLS",2000,128146
"TLS",2001,130282
"TLS",2002,104357
"TLS",2003,67524
"TLS",2004,234045
"TLS",2005,153748
"TLS",2006,164285
"TLS",2007,114693
"TLS",2008,134166
"TLS",2009,100128
"TLS",2010,95412
"TLS",2011,30828
"TLS",2012,7263
"TLS",2013,1418
"TLS",2014,473
"TLS",2015,110
"TLS",2016,112
"TLS",2017,22
"TLS",2018,0
"TLS",2019,0
"TLS",2020,4
"TLS",2021,0
"CHN",2000,8025
"CHN",2001,21237
"CHN",2002,25520
"CHN",2003,28491
"CHN",2004,27197
"CHN",2005,21936
"CHN",2006,35383
"CHN",2007,29304
"CHN",2008,16650
"CHN",2009,9287
"CHN",2010,4990
"CHN",2011,1308
"CHN",2012,244
"CHN",2013,83
"CHN",2014,53
"CHN",2015,39
"CHN",2016,1
"CHN",2017,0
"CHN",2018,0
"CHN",2019,0
"CHN",2020,0
"CHN",2021,0
"KHM",2000,669109
"KHM",2001,388681
"KHM",2002,349008
"KHM",2003,464899
"KHM",2004,403094
"KHM",2005,388706
"KHM",2006,437975
"KHM",2007,191165
"KHM",2008,214883
"KHM",2009,426267
"KHM",2010,353293
"KHM",2011,368041
"KHM",2012,260016
"KHM",2013,168806
"KHM",2014,240449
"KHM",2015,218837
"KHM",2016,124137
"KHM",2017,202696
"KHM",2018,272272
"KHM",2019,140073
"KHM",2020,43341
"KHM",2021,19064
"KOR",2000,4183
"KOR",2001,2556
"KOR",2002,1799
"KOR",2003,1171
"KOR",2004,864
"KOR",2005,1369
"KOR",2006,2051
"KOR",2007,2227
"KOR",2008,1063
"KOR",2009,898
"KOR",2010,1267
"KOR",2011,505
"KOR",2012,394
"KOR",2013,383
"KOR",2014,557
"KOR",2015,627
"KOR",2016,602
"KOR",2017,436
"KOR",2018,501
"KOR",2019,485
"KOR",2020,356
"KOR",2021,274
"LAO",2000,89755
"LAO",2001,62084
"LAO",2002,50404
"LAO",2003,45710
"LAO",2004,40333
"LAO",2005,35002
"LAO",2006,48965
"LAO",2007,45688
"LAO",2008,41446
"LAO",2009,47466
"LAO",2010,43766
"LAO",2011,30366
"LAO",2012,79939
"LAO",2013,68570
"LAO",2014,87770
"LAO",2015,62489
"LAO",2016,26862
"LAO",2017,14609
"LAO",2018,15654
"LAO",2019,10541
"LAO",2020,5674
"LAO",2021,6403
"MYS",2000,12705
"MYS",2001,12780
"MYS",2002,11019
"MYS",2003,6338
"MYS",2004,6154
"MYS",2005,5569
"MYS",2006,5294
"MYS",2007,4048
"MYS",2008,6071
"MYS",2009,5955
"MYS",2010,5194
"MYS",2011,3954
"MYS",2012,3662
"MYS",2013,1028
"MYS",2014,596
"MYS",2015,242
"MYS",2016,266
"MYS",2017,85
"MYS",2018,0
"MYS",2019,0
"MYS",2020,0
"MYS",2021,0
"PHL",2000,79974
"PHL",2001,56147
"PHL",2002,70585
"PHL",2003,100493
"PHL",2004,91225
"PHL",2005,83163
"PHL",2006,102993
"PHL",2007,112751
"PHL",2008,74621
"PHL",2009,58824
"PHL",2010,53512
"PHL",2011,23918
"PHL",2012,19171
"PHL",2013,17518
"PHL",2014,14318
"PHL",2015,27904
"PHL",2016,17308
"PHL",2017,16586
"PHL",2018,10900
"PHL",2019,13536
"PHL",2020,15096
"PHL",2021,10609
"PNG",2000,1462249
"PNG",2001,1443554
"PNG",2002,1235844
"PNG",2003,1333205
"PNG",2004,1708217
"PNG",2005,1413497
"PNG",2006,1481681
"PNG",2007,1251261
"PNG",2008,1180316
"PNG",2009,1563409
"PNG",2010,1079284
"PNG",2011,899054
"PNG",2012,1249648
"PNG",2013,1420220
"PNG",2014,1613869
"PNG",2015,884727
"PNG",2016,1208966
"PNG",2017,1230223
"PNG",2018,1301773
"PNG",2019,1124906
"PNG",2020,1470120
"PNG",2021,1237112
"SLB",2000,254582
"SLB",2001,285929
"SLB",2002,280109
"SLB",2003,239181
"SLB",2004,337823
"SLB",2005,286015
"SLB",2006,281888
"SLB",2007,155491
"SLB",2008,93119
"SLB",2009,75305
"SLB",2010,91425
"SLB",2011,62676
"SLB",2012,52221
"SLB",2013,53689
"SLB",2014,34803
"SLB",2015,39811
"SLB",2016,84179
"SLB",2017,103587
"SLB",2018,86680
"SLB",2019,139245
"SLB",2020,112768
"SLB",2021,151437
"VNM",2000,201414
"VNM",2001,185145
"VNM",2002,131451
"VNM",2003,96592
"VNM",2004,56559
"VNM",2005,40604
"VNM",2006,43620
"VNM",2007,28022
"VNM",2008,17911
"VNM",2009,22853
"VNM",2010,22959
"VNM",2011,20206
"VNM",2012,23838
"VNM",2013,20760
"VNM",2014,19060
"VNM",2015,11283
"VNM",2016,5024
"VNM",2017,5485
"VNM",2018,3777
"VNM",2019,3856
"VNM",2020,1657
"VNM",2021,453
"VUT",2000,23167
"VUT",2001,18702
"VUT",2002,36655
"VUT",2003,42687
"VUT",2004,30560
"VUT",2005,25624
"VUT",2006,22943
"VUT",2007,27312
"VUT",2008,26771
"VUT",2009,14887
"VUT",2010,20972
"VUT",2011,11631
"VUT",2012,8394
"VUT",2013,5326
"VUT",2014,2427
"VUT",2015,807
"VUT",2016,4173
"VUT",2017,2266
"VUT",2018,1167
"VUT",2019,1047
"VUT",2020,910
"VUT",2021,576
