iso3,g.whoregion,year,sex,age_group,mort.nh.nr.num,mort.nh.nr.lo.num,mort.nh.nr.hi.num,mort.nh.re.num,mort.nh.re.lo.num,mort.nh.re.hi.num
GMB,AFR,2000,F,0_4,1.38821187179276,0,19.9780887394496,13.0648279695018,3.07578359977695,23.0538723392266
GMB,AFR,2000,F,10_14,0.113779430122354,0,5.71949833524291,0.999494786407161,0,5.71949833524291
GMB,AFR,2000,F,15_19,0.536316469067416,0,12.4175703038544,6.27991108943148,0.0711259375042879,12.4886962413587
GMB,AFR,2000,F,20_24,0.832631402814948,0,15.4722136567371,10.4313202389485,2.69521341057991,18.1674270673171
GMB,AFR,2000,F,5_9,0.438126992900264,0,11.2234419902433,3.85284256013097,0,11.2234419902433
GMB,AFR,2000,M,0_4,1.73780694979761,0,22.3525371661051,15.6558013335354,4.47953275048287,26.832069916588
GMB,AFR,2000,M,10_14,0.132657948765745,0,6.17579255567984,0.979921062558172,0,6.17579255567984
GMB,AFR,2000,M,15_19,1.67661138093664,0,21.9554461013052,16.9622110497517,5.98448799909903,27.9399341004043
GMB,AFR,2000,M,20_24,2.3754002609099,0,26.1333124386664,28.4256246046572,15.3589683853241,41.4922808239904
GMB,AFR,2000,M,5_9,0.488975322887127,0,11.8568556295839,3.79931465279826,0,11.8568556295839
GMB,AFR,2001,F,0_4,1.36924830050959,0,18.8064182257795,12.8863567998441,3.48314768695442,22.2895659127339
GMB,AFR,2001,F,10_14,0.112225154166698,0,5.38406246648751,0.985841257710639,0,5.38406246648751
GMB,AFR,2001,F,15_19,0.528990155413027,0,11.6893073971168,6.19412480276212,0.349471104203706,12.0387785013205
GMB,AFR,2001,F,20_24,0.821257299711004,0,14.5648027047071,10.2888239176447,3.00642256529117,17.5712252699983
GMB,AFR,2001,F,5_9,0.432141989724764,0,10.5652120557707,3.8002110735306,0,10.5652120557707
GMB,AFR,2001,M,0_4,1.71406775937682,0,21.0416105281867,15.4419363532659,4.9211310891725,25.9627416173592
GMB,AFR,2001,M,10_14,0.130845784125163,0,5.81359604477211,0.966534919348714,0,5.81359604477211
GMB,AFR,2001,M,15_19,1.65370814830867,0,20.6678079720093,16.7304999508305,6.39659596482585,27.0644039368351
GMB,AFR,2001,M,20_24,2.34295127160997,0,24.6006517318165,28.0373183458004,15.7369924798921,40.3376442117086
GMB,AFR,2001,M,5_9,0.482295709652507,0,11.161477392596,3.74741438043612,0,11.161477392596
GMB,AFR,2002,F,0_4,1.32476771640867,0,17.5053660807661,12.4677382942366,3.71505525385354,21.2204213346197
GMB,AFR,2002,F,10_14,0.108579474704257,0,5.01158611629623,0.953815806260005,0,5.01158611629623
GMB,AFR,2002,F,15_19,0.511805696547788,0,10.8806261118154,5.99290615665787,0.552593100750146,11.4332192125656
GMB,AFR,2002,F,20_24,0.794578424612389,0,13.5571909642281,9.95458731689192,3.17599183477788,16.733182799006
GMB,AFR,2002,F,5_9,0.418103682640259,0,9.83429712860833,3.67675968185306,0,9.83429712860833
GMB,AFR,2002,M,0_4,1.65838557587712,0,19.5859249115229,14.9402988136342,5.14733635787276,24.7332612693956
GMB,AFR,2002,M,10_14,0.126595205977384,0,5.41140401046313,0.93513664209787,0,5.41140401046313
GMB,AFR,2002,M,15_19,1.59998677115462,0,19.2379824958404,16.1870029022643,6.56801165434413,25.8059941501845
GMB,AFR,2002,M,20_24,2.26683955320038,0,22.8987470777696,27.1265147347042,15.6771411958194,38.575888273589
GMB,AFR,2002,M,5_9,0.466628138718349,0,10.389312064312,3.62567811065909,0,10.389312064312
GMB,AFR,2003,F,0_4,1.34483198632223,0,17.6759588155196,12.6565684289369,3.81858902117703,21.4945478366967
GMB,AFR,2003,F,10_14,0.110223965176477,0,5.06042486534535,0.968261823887636,0,5.06042486534535
GMB,AFR,2003,F,15_19,0.51955724990438,0,10.9866596420873,6.08367171895169,0.590341897908035,11.5770015399953
GMB,AFR,2003,F,20_24,0.806612712421073,0,13.6893080688629,10.1053545225851,3.26070048815367,16.9500085570165
GMB,AFR,2003,F,5_9,0.424436072112347,0,9.9301340070722,3.73244604690176,0,9.93013400707219
GMB,AFR,2003,M,0_4,1.68350265519829,0,19.7767930417818,15.1665771145465,5.27818059365567,25.0549736354374
GMB,AFR,2003,M,10_14,0.12851255371392,0,5.46413905209218,0.949299754438132,0,5.46413905209218
GMB,AFR,2003,M,15_19,1.62421937135838,0,19.4254598687764,16.4321631603876,6.71943322599941,26.1448930947758
GMB,AFR,2003,M,20_24,2.30117197244853,0,23.1218992168567,27.5373593731158,15.9764097646875,39.0983089815442
GMB,AFR,2003,M,5_9,0.473695455356989,0,10.490557656611,3.68059081975335,0,10.490557656611
GMB,AFR,2004,F,0_4,1.20114362972275,0,15.4085344852306,11.3042794172546,3.6000121746393,19.0085466598699
GMB,AFR,2004,F,10_14,0.0984471034010529,0,4.41128721001153,0.864808045541159,0,4.41128721001153
GMB,AFR,2004,F,15_19,0.46404523936523,0,9.57732057080587,5.43366279572586,0.645002510322923,10.2223230811288
GMB,AFR,2004,F,20_24,0.720430307303694,0,11.9332805455973,9.02564954909352,3.05900927629488,14.9922898218922
GMB,AFR,2004,F,5_9,0.379087268467259,0,8.65632319512932,3.33365345124204,0,8.65632319512932
GMB,AFR,2004,M,0_4,1.50362908562486,0,17.2398793622446,13.5461066298346,4.92616694871232,22.166046310957
GMB,AFR,2004,M,10_14,0.114781650646947,0,4.76321402957413,0.847871975342589,0,4.76321402957413
GMB,AFR,2004,M,15_19,1.45067991468189,0,16.9336142612361,14.6764713388063,6.20966420818828,23.1432784694244
GMB,AFR,2004,M,20_24,2.05530362433007,0,20.1558843378924,24.5951346539807,14.5171924850345,34.6730768229269
GMB,AFR,2004,M,5_9,0.423083540856779,0,9.14485721019368,3.28733868747182,0,9.14485721019368
GMB,AFR,2005,F,0_4,1.41761919596984,0,19.2038829467504,13.3415880514511,3.73964657807592,22.9435295248263
GMB,AFR,2005,F,10_14,0.116189687990248,0,5.49785207066633,1.02066768356583,0,5.49785207066633
GMB,AFR,2005,F,15_19,0.547677582300805,0,11.9363553595284,6.41294221022423,0.444764530460017,12.3811198899884
GMB,AFR,2005,F,20_24,0.850269532901658,0,14.872622895321,10.6522931481145,3.215981700454,18.088604595775
GMB,AFR,2005,F,5_9,0.447408099605041,0,10.7885027968003,3.93445963348002,0,10.7885027968003
GMB,AFR,2005,M,0_4,1.77461995606003,0,21.4863149773253,15.9874475572872,5.24429006862451,26.7306050459498
GMB,AFR,2005,M,10_14,0.135468121609882,0,5.93646363720955,1.00067931779202,0,5.93646363720955
GMB,AFR,2005,M,15_19,1.71212804478314,0,21.1046122815835,17.3215317335855,6.76922559279376,27.8738378743773
GMB,AFR,2005,M,20_24,2.42571978845629,0,25.1205748271609,29.027781649007,16.4674942354266,41.5880690625875
GMB,AFR,2005,M,5_9,0.499333580244604,0,11.397369918446,3.87979781240155,0,11.397369918446
GMB,AFR,2006,F,0_4,1.75441641081366,0,28.4047597802648,16.5112754469859,2.30889555685353,30.7136553371183
GMB,AFR,2006,F,10_14,0.143793972286014,0,8.13195788621143,1.26315736913781,0,8.13195788621143
GMB,AFR,2006,F,15_19,0.677794531108848,0,17.6552475131938,7.93652561076595,0,17.6552475131938
GMB,AFR,2006,F,20_24,1.05227611644818,0,21.9983261622382,13.1830592904165,2.18389620929745,24.1822223715356
GMB,AFR,2006,F,5_9,0.553703078026559,0,15.957441064474,4.86920646124781,0,15.957441064474
GMB,AFR,2006,M,0_4,2.19623322167216,0,31.7807402381249,19.785736847413,3.89536672835056,35.6761069664754
GMB,AFR,2006,M,10_14,0.16765256591484,0,8.78071502657997,1.23842017805109,0,8.78071502657997
GMB,AFR,2006,M,15_19,2.11889451534045,0,31.2161578872488,21.4367720329849,5.82869308936053,37.0448509766093
GMB,AFR,2006,M,20_24,3.0020210060655,0,37.1562300960814,35.9241865790982,17.3460715310575,54.5023016271389
GMB,AFR,2006,M,5_9,0.617964986748183,0,16.8580258251916,4.80155811378071,0,16.8580258251916
GMB,AFR,2007,F,0_4,1.67242447890786,0,27.3456285139255,15.7396277562,2.06681349923728,29.4124420131627
GMB,AFR,2007,F,10_14,0.13707381992568,0,7.82874071695992,1.20412422720255,0,7.82874071695992
GMB,AFR,2007,F,15_19,0.646118081493887,0,16.9969344416932,7.56561533917137,0,16.9969344416932
GMB,AFR,2007,F,20_24,1.00309842342494,0,21.1780722602233,12.5669544176213,1.97791828750968,23.155990547733
GMB,AFR,2007,F,5_9,0.527825991612092,0,15.3624342806499,4.64164609295011,0,15.3624342806499
GMB,AFR,2007,M,0_4,2.09359316219102,0,30.5957284332726,18.8610585451327,3.56319432849637,34.158922761769
GMB,AFR,2007,M,10_14,0.159817391959789,0,8.45330758158099,1.18054311860264,0,8.45330758158099
GMB,AFR,2007,M,15_19,2.0198688486022,0,30.0521977239123,20.4349332779916,5.40883441603543,35.4610321399478
GMB,AFR,2007,M,20_24,2.86172278473563,0,35.7707818353501,34.2452844430308,16.3598935253557,52.1306753607059
GMB,AFR,2007,M,5_9,0.589084646367574,0,16.2294388426458,4.57715926327598,0,16.2294388426458
GMB,AFR,2008,F,0_4,1.44262552017091,0,20.5214311731055,13.5769291621713,3.31621357561855,23.837644748724
GMB,AFR,2008,F,10_14,0.118239234874888,0,5.87505106029538,1.03867191704989,0,5.87505106029538
GMB,AFR,2008,F,15_19,0.557338430023246,0,12.7552899404514,6.52606434657855,0.148419376352879,12.9037093168042
GMB,AFR,2008,F,20_24,0.865268000514456,0,15.8930101769615,10.8401960043209,2.8936909158401,18.7867010928017
GMB,AFR,2008,F,5_9,0.455300227491512,0,11.5286850174671,4.0038621736166,0,11.5286850174671
GMB,AFR,2008,M,0_4,1.80592365318906,0,22.9604572780141,16.2694607367679,4.78923209776082,27.7496893757749
GMB,AFR,2008,M,10_14,0.137857733557517,0,6.3437550770561,1.01833096324947,0,6.3437550770561
GMB,AFR,2008,M,15_19,1.74232940568691,0,22.5525665602372,17.6270777077107,6.35079442759212,28.9033609878293
GMB,AFR,2008,M,20_24,2.46850866689666,0,26.8440579842037,29.5398219210257,16.1177929289238,42.9618509131275
GMB,AFR,2008,M,5_9,0.508141656085829,0,12.1793255553763,3.94823613646149,0,12.1793255553763
GMB,AFR,2009,F,0_4,1.71461451161649,0,20.5250102390881,16.1366892786825,5.87418415913842,26.3991943982265
GMB,AFR,2009,F,10_14,0.140531763180575,0,5.87607570595575,1.23450051095695,0,5.87607570595575
GMB,AFR,2009,F,15_19,0.662417617488281,0,12.7575145428165,7.75647212381843,1.37771485241017,14.1352293952267
GMB,AFR,2009,F,20_24,1.028403455627,0,15.8957820173662,12.8839793264263,4.93608831774319,20.8318703351093
GMB,AFR,2009,F,5_9,0.541141388589013,0,11.5306956922598,4.75874028939736,0,11.5306956922598
GMB,AFR,2009,M,0_4,2.14640796196547,0,22.9644617254084,19.3368639922221,7.85463312951789,30.8190948549263
GMB,AFR,2009,M,10_14,0.16384908431973,0,6.3448614676293,1.21032452482704,0,6.3448614676293
GMB,AFR,2009,M,15_19,2.07082381479912,0,22.5564998689385,20.9504426562863,9.67219272181705,32.2286925907555
GMB,AFR,2009,M,20_24,2.93391508962814,0,26.8487397558578,35.1091857365953,21.6848158586664,48.5335556145241
GMB,AFR,2009,M,5_9,0.603945407383598,0,12.1814497059494,4.69262665893938,0,12.1814497059494
GMB,AFR,2010,F,0_4,1.75824933111583,0,28.7702275285446,16.5473480706135,2.16223430634119,30.9324618348858
GMB,AFR,2010,F,10_14,0.144108122810546,0,8.23658712302846,1.26591702271549,0,8.23658712302846
GMB,AFR,2010,F,15_19,0.679275326889698,0,17.8824074541292,7.95386474984017,0,17.8824074541292
GMB,AFR,2010,F,20_24,1.0545750521315,0,22.2813660045263,13.2118606714831,2.07117766921996,24.3525436737463
GMB,AFR,2010,F,5_9,0.554912767901814,0,16.1627563038654,4.87984434640728,0,16.1627563038654
GMB,AFR,2010,M,0_4,2.20103139093902,0,32.1896447901557,19.8289632741529,3.734140879075,35.9237856692307
GMB,AFR,2010,M,10_14,0.168018840944899,0,8.89369144933009,1.24112578762796,0,8.89369144933009
GMB,AFR,2010,M,15_19,2.12352372067389,0,31.6177982820719,21.4836055203081,5.67470637927219,37.2925046613441
GMB,AFR,2010,M,20_24,3.00857960138572,0,37.6342979921957,36.0026711071867,17.1855221110888,54.8198201032845
GMB,AFR,2010,M,5_9,0.619315071328524,0,17.0749283720337,4.8120482057921,0,17.0749283720337
GMB,AFR,2011,F,0_4,1.49358840968612,0,20.9033590971356,14.056554353286,3.60487480471824,24.5082339018538
GMB,AFR,2011,F,10_14,0.122416211490813,0,5.98439265718996,1.07536454546166,0,5.98439265718996
GMB,AFR,2011,F,15_19,0.577027237988107,0,12.9926808595478,6.7566072640579,0.260266834283976,13.2529476938318
GMB,AFR,2011,F,20_24,0.895834877985221,0,16.1887977529973,11.2231420312314,3.12874315473276,19.31754090773
GMB,AFR,2011,F,5_9,0.471384384374547,0,11.7432473790478,4.14530455261701,0,11.7432473790478
GMB,AFR,2011,M,0_4,1.86972058893124,0,23.3877783410044,16.8442036054975,5.15031443499526,28.5380927759997
GMB,AFR,2011,M,10_14,0.142727762782618,0,6.46181980590947,1.05430501725182,0,6.46181980590947
GMB,AFR,2011,M,15_19,1.80387978016704,0,22.9722962981509,18.2497804126724,6.76363226359696,29.7359285617479
GMB,AFR,2011,M,20_24,2.55571240251579,0,27.3436574152555,30.583360011646,16.9115313040183,44.2551887192737
GMB,AFR,2011,M,5_9,0.526092514929716,0,12.4059971011479,4.08771344306711,0,12.4059971011479
GMB,AFR,2012,F,0_4,1.78465570213799,0,20.6881536327765,16.7958653911311,6.45178857474282,27.1399422075193
GMB,AFR,2012,F,10_14,0.146272419131267,0,5.92278179384914,1.28492927199799,0,5.92278179384914
GMB,AFR,2012,F,15_19,0.689477063350287,0,12.8589178645835,8.07332033553013,1.64386140323839,14.5027792678219
GMB,AFR,2012,F,20_24,1.07041324959558,0,16.0221299116393,13.4102837782625,5.39921882244284,21.4213487340822
GMB,AFR,2012,F,5_9,0.563246757953641,0,11.6223476234847,4.95313257581641,0,11.6223476234847
GMB,AFR,2012,M,0_4,2.23408771037677,0,23.1469951408109,20.1267657256698,8.55326815526439,31.7002632960753
GMB,AFR,2012,M,10_14,0.170542241792655,0,6.39529370713876,1.25976570828776,0,6.39529370713876
GMB,AFR,2012,M,15_19,2.15541598660576,0,22.735790592572,21.8062583137455,10.4383630174596,33.1741536100315
GMB,AFR,2012,M,20_24,3.05376413113242,0,27.0621474213841,36.5433793413314,23.0123056306394,50.0744530520235
GMB,AFR,2012,M,5_9,0.628616291163336,0,12.2782741665428,4.88431823487475,0,12.2782741665428
GMB,AFR,2013,F,0_4,1.97392832282256,0,23.5672657806115,18.5771599317701,6.79352704146436,30.3607928220758
GMB,AFR,2013,F,10_14,0.161785419240857,0,6.74703867604044,1.42120313726279,0,6.74703867604044
GMB,AFR,2013,F,15_19,0.762599924261709,0,14.6484572932389,8.92954066735731,1.60531202073786,16.2537693139768
GMB,AFR,2013,F,20_24,1.18393650269349,0,18.251884663156,14.8325186394249,5.70657630784692,23.958460971003
GMB,AFR,2013,F,5_9,0.622982195910811,0,13.2397970500068,5.47843971604986,0,13.2397970500068
GMB,AFR,2013,M,0_4,2.471025084502,0,26.3682973448994,22.2613206933932,9.07717202094344,35.4454693658429
GMB,AFR,2013,M,10_14,0.188629191002437,0,7.28530874318452,1.39337083826458,0,7.28530874318452
GMB,AFR,2013,M,15_19,2.38400978873889,0,25.8998666163501,24.1189327715058,11.1689994633307,37.0688660796808
GMB,AFR,2013,M,20_24,3.37763272906957,0,30.8283103555169,40.4190070986027,25.0048519208442,55.8331622763611
GMB,AFR,2013,M,5_9,0.695284530135684,0,13.9870070450214,5.40232723315562,0,13.9870070450214
GMB,AFR,2014,F,0_4,1.64869154078104,0,19.926615776764,15.5162708175909,5.55296292920888,25.4795787059728
GMB,AFR,2014,F,10_14,0.135128641217683,0,5.70476221467451,1.18703681539975,0,5.70476221467451
GMB,AFR,2014,F,15_19,0.636949188880733,0,12.3855767963056,7.4582536717274,1.26546527357463,13.6510420698802
GMB,AFR,2014,F,20_24,0.988863716196906,0,15.4323499497227,12.3886200561078,4.67244508124643,20.1047950309691
GMB,AFR,2014,F,5_9,0.520335751090834,0,11.1945251194504,4.57577770791033,0,11.1945251194504
GMB,AFR,2014,M,0_4,2.0638835294945,0,22.2949465063335,18.5934061990403,7.44593294587353,29.740879452207
GMB,AFR,2014,M,10_14,0.157549465172776,0,6.15988080636695,1.16379034014109,0,6.15988080636695
GMB,AFR,2014,M,15_19,1.99120541834705,0,21.8988785350752,20.1449464874299,9.19550721989236,31.0943857549675
GMB,AFR,2014,M,20_24,2.82111282557585,0,26.0659807217263,33.7593185730954,20.7263282122323,46.7923089339586
GMB,AFR,2014,M,5_9,0.580725100307333,0,11.826306787032,4.51220599396068,0,11.826306787032
GMB,AFR,2015,F,0_4,1.81060103834912,0,21.7599385994685,17.0400437914764,6.16007449174216,27.9200130912107
GMB,AFR,2015,F,10_14,0.148398928512449,0,6.229621572803,1.30360958211521,0,6.229621572803
GMB,AFR,2015,F,15_19,0.699500685383969,0,13.5250959634039,8.19069031910046,1.42814233739851,14.9532383008024
GMB,AFR,2015,F,20_24,1.0859749243838,0,16.8521835876946,13.6052425710905,5.1791507772432,22.0313343649378
GMB,AFR,2015,F,5_9,0.571435242986037,0,12.224463098922,5.02514124943317,0,12.224463098922
GMB,AFR,2015,M,0_4,2.2665668920483,0,24.3461645716058,20.4193687767525,8.24628649094961,32.5924510625554
GMB,AFR,2015,M,10_14,0.173021586013622,0,6.72661276898254,1.278080190352,0,6.72661276898254
GMB,AFR,2015,M,15_19,2.18675143824516,0,23.9136568727397,22.1232778390021,10.1664494026322,34.0801062753719
GMB,AFR,2015,M,20_24,3.09815977394285,0,28.4641479714327,37.0746472279803,22.842573242264,51.3067212136967
GMB,AFR,2015,M,5_9,0.637755118894919,0,12.9143710315513,4.95532648515511,0,12.9143710315513
GMB,AFR,2016,F,0_4,1.89977427632517,0,22.7397086042051,17.8792766472552,6.50942234515262,29.2491309493578
GMB,AFR,2016,F,10_14,0.155707668918175,0,6.51011852043877,1.36781317254061,0,6.51011852043877
GMB,AFR,2016,F,15_19,0.733951533340529,0,14.1340812909843,8.59408696006102,1.52704631456885,15.6611276055532
GMB,AFR,2016,F,20_24,1.13945987126994,0,17.6109754343747,14.2753093101337,5.46982159294632,23.0807970273211
GMB,AFR,2016,F,5_9,0.599578787494969,0,12.7748857121837,5.27263261113742,0,12.7748857121837
GMB,AFR,2016,M,0_4,2.37819673461017,0,25.4423828200444,21.4250355098558,8.70384409983362,34.146226919878
GMB,AFR,2016,M,10_14,0.181543007761316,0,7.02948740230933,1.34102644220371,0,7.02948740230933
GMB,AFR,2016,M,15_19,2.29445031959282,0,24.9904008902089,23.2128631632666,10.7176627181622,35.708063608371
GMB,AFR,2016,M,20_24,3.25074608807727,0,29.7457838669253,38.9005968822713,24.0277049488087,53.773488815734
GMB,AFR,2016,M,5_9,0.669164958933183,0,13.4958576616221,5.19937942588348,0,13.4958576616221
GMB,AFR,2017,F,0_4,1.94561132749148,0,23.2548096440201,18.3106612220881,6.68325640007806,29.9380660440982
GMB,AFR,2017,F,10_14,0.159464525970158,0,6.65758605740521,1.40081526292315,0,6.65758605740521
GMB,AFR,2017,F,15_19,0.751660044507652,0,14.4542472217153,8.80144191196924,1.5743183011116,16.0285655228269
GMB,AFR,2017,F,20_24,1.16695233764988,0,18.0099001486837,14.6197386938756,5.61478861953373,23.6246887682175
GMB,AFR,2017,F,5_9,0.614045202743941,0,13.0642630752976,5.39984874085453,0,13.0642630752976
GMB,AFR,2017,M,0_4,2.43557698592019,0,26.0187049741265,21.9419708432334,8.9326183561701,34.9513233302966
GMB,AFR,2017,M,10_14,0.185923210314504,0,7.1887197096937,1.37338223226293,0,7.1887197096937
GMB,AFR,2017,M,15_19,2.34980996837234,0,25.5564847265496,23.7729345410916,10.9946921778168,36.5511769043664
GMB,AFR,2017,M,20_24,3.3291788875023,0,30.4195868811438,39.8391760976331,24.6293826570611,55.048969538205
GMB,AFR,2017,M,5_9,0.68531032359232,0,13.8015665181292,5.32482812983721,0,13.8015665181292
GMB,AFR,2018,F,0_4,2.07704108961941,0,24.7511898748284,19.5475813688543,7.17198643144005,31.9231763062685
GMB,AFR,2018,F,10_14,0.17023665934539,0,7.08598260477355,1.49544301009137,0,7.08598260477355
GMB,AFR,2018,F,15_19,0.802436116508674,0,15.3843365290407,9.395996127651,1.70382786313066,17.0881643921713
GMB,AFR,2018,F,20_24,1.24578219743987,0,19.168785512781,15.6073299726171,6.02293721622662,25.1917227290076
GMB,AFR,2018,F,5_9,0.655525129280187,0,13.9049108937579,5.76461883932559,0,13.9049108937579
GMB,AFR,2018,M,0_4,2.60010486432049,0,27.6929339336626,23.4241928922661,9.57772592543478,37.2706598590973
GMB,AFR,2018,M,10_14,0.198482678364684,0,7.65129318258273,1.46615682580115,0,7.65129318258273
GMB,AFR,2018,M,15_19,2.50854412088532,0,27.2009711402923,25.3788416858409,11.7783561156947,38.979327255987
GMB,AFR,2018,M,20_24,3.5540712815191,0,32.3769999554755,42.5303885529383,26.3418885752005,58.718888530676
GMB,AFR,2018,M,5_9,0.731604345188959,0,14.6896576961719,5.68453044271238,0,14.6896576961719
GMB,AFR,2019,F,0_4,1.82266483762884,0,21.9347141848273,17.1535793874787,6.18622229506505,28.1209364798923
GMB,AFR,2019,F,10_14,0.149387691276294,0,6.27965782414503,1.31229536324763,0,6.27965782414503
GMB,AFR,2019,F,15_19,0.704161367492157,0,13.6337293840926,8.2452638236307,1.42839913158438,15.062128515677
GMB,AFR,2019,F,20_24,1.09321063409184,0,16.9875401392606,13.6958925332014,5.20212246357108,22.1896626028317
GMB,AFR,2019,F,5_9,0.575242641704325,0,12.3226498508765,5.05862311214031,0,12.3226498508765
GMB,AFR,2019,M,0_4,2.28166873252038,0,24.5417126952731,20.5554203757054,8.28456402806886,32.826276723342
GMB,AFR,2019,M,10_14,0.174174406342627,0,6.78064084809712,1.28659587246678,0,6.78064084809712
GMB,AFR,2019,M,15_19,2.20132147872724,0,24.1057310993693,22.2706823624712,10.2178168127865,34.3235479121559
GMB,AFR,2019,M,20_24,3.11880240965206,0,28.6927716920698,37.3216707815061,22.9752849354712,51.668056627541
GMB,AFR,2019,M,5_9,0.642004398322583,0,13.0180991163647,4.98834318116612,0,13.0180991163647
MOZ,AFR,2000,F,0_4,42.6040248248322,0,822.238964688241,330.840138160137,0,822.238964688241
MOZ,AFR,2000,F,10_14,5.8561855760521,0,304.845756714934,42.3857615294041,0,304.845756714934
MOZ,AFR,2000,F,15_19,6.58178714671221,0,323.180133176312,63.8450819154816,0,323.180133176312
MOZ,AFR,2000,F,20_24,10.2182255833496,0,402.680391393845,106.16357660696,0,402.680391393845
MOZ,AFR,2000,F,5_9,22.5502357811292,0,598.20258105147,163.392026363202,0,598.20258105147
MOZ,AFR,2000,M,0_4,53.2960494383546,0,919.645072189146,395.816069798568,0,919.645072189146
MOZ,AFR,2000,M,10_14,6.82930198425657,0,329.200811841478,41.3927295954254,0,329.200811841478
MOZ,AFR,2000,M,15_19,16.7047407219098,0,514.86409741459,139.645084888075,0,514.86409741459
MOZ,AFR,2000,M,20_24,23.6670500513299,0,612.836753992784,234.704147176842,0,612.836753992784
MOZ,AFR,2000,M,5_9,25.1727105229284,0,632.030053463567,160.692789837593,0,632.030053463567
MOZ,AFR,2001,F,0_4,46.7712243925526,0,877.182638735896,363.200387840557,0,877.182638735896
MOZ,AFR,2001,F,10_14,6.42899281906146,0,325.216168007844,46.5316122523968,0,325.216168007844
MOZ,AFR,2001,F,15_19,7.22556718076711,0,344.775684662551,70.089919084096,0,344.775684662551
MOZ,AFR,2001,F,20_24,11.2176941877567,0,429.588311256915,116.54768497142,0,429.588311256915
MOZ,AFR,2001,F,5_9,24.7559272195668,0,638.175689891209,179.37378358984,0,638.175689891209
MOZ,AFR,2001,M,0_4,58.509061004606,0,981.097619752432,434.531767710663,0,981.097619752433
MOZ,AFR,2001,M,10_14,7.49729202495427,0,351.198677278199,45.4414495364551,0,351.198677278199
MOZ,AFR,2001,M,15_19,18.3386705818569,0,549.268359876066,153.304098086269,0,549.268359876066
MOZ,AFR,2001,M,20_24,25.9819797122861,0,653.787747927459,257.661110155731,0,653.787747927459
MOZ,AFR,2001,M,5_9,27.6349123651439,0,674.263582567834,176.410528410385,0,674.263582567834
MOZ,AFR,2002,F,0_4,46.8650708477114,0,864.113583651426,363.929149367623,0,864.113583651426
MOZ,AFR,2002,F,10_14,6.44189259224778,0,320.370805336075,46.6249779258299,0,320.370805336075
MOZ,AFR,2002,F,15_19,7.24006528029805,0,339.638906737792,70.2305544968701,0,339.638906737792
MOZ,AFR,2002,F,20_24,11.2402024895652,0,423.187918618557,116.781537884906,0,423.187918618557
MOZ,AFR,2002,F,5_9,24.8055999840475,0,628.667575074006,179.733697061359,0,628.667575074006
MOZ,AFR,2002,M,0_4,58.6264594272744,0,966.480345915066,435.403655641396,0,966.480345915066
MOZ,AFR,2002,M,10_14,7.51233534034682,0,345.966203838511,45.5326277985522,0,345.966203838511
MOZ,AFR,2002,M,15_19,18.3754671217976,0,541.084866343042,153.611702737495,0,541.084866343042
MOZ,AFR,2002,M,20_24,26.0341125509209,0,644.047030642484,258.178107136982,0,644.047030642484
MOZ,AFR,2002,M,5_9,27.6903618129139,0,664.217797901223,176.764496110804,0,664.217797901223
MOZ,AFR,2003,F,0_4,46.0645164733063,0,844.481546758883,357.712470992252,0,844.481546758883
MOZ,AFR,2003,F,10_14,6.33185146351611,0,313.092211886503,45.8285248455331,0,313.092211886503
MOZ,AFR,2003,F,15_19,7.11638967656418,0,331.92255593233,69.030868321169,0,331.92255593233
MOZ,AFR,2003,F,20_24,11.0481960952622,0,413.573394569888,114.786662611867,0,413.573394569888
MOZ,AFR,2003,F,5_9,24.3818679546753,0,614.384701548462,176.663465974378,0,614.384701548462
MOZ,AFR,2003,M,0_4,57.6249956995677,0,944.522610073505,427.966041767139,0,944.522610073505
MOZ,AFR,2003,M,10_14,7.38400878903837,0,338.106101410042,44.75483436513,0,338.106101410042
MOZ,AFR,2003,M,15_19,18.0615753401358,0,528.791808741568,150.987690475022,0,528.791808741568
MOZ,AFR,2003,M,20_24,25.5893949326734,0,629.414746987507,253.76787987593,0,629.414746987507
MOZ,AFR,2003,M,5_9,27.2173519597927,0,649.12724897364,173.74498524608,0,649.12724897364
MOZ,AFR,2004,F,0_4,44.9542005836919,0,826.588954317269,349.090349870342,0,826.588954317269
MOZ,AFR,2004,F,10_14,6.17923170694721,0,306.458518864519,44.7238971791825,0,306.458518864519
MOZ,AFR,2004,F,15_19,6.94485980629721,0,324.889891881505,67.3669830611309,0,324.889891881505
MOZ,AFR,2004,F,20_24,10.7818959446191,0,404.810739871115,112.019902746118,0,404.810739871115
MOZ,AFR,2004,F,5_9,23.7941796973972,0,601.367324070694,172.40525882487,0,601.367324070694
MOZ,AFR,2004,M,0_4,56.2360318448995,0,924.51038105702,417.65056398146,0,924.51038105702
MOZ,AFR,2004,M,10_14,7.20602836255821,0,330.942422466706,43.6760863930038,0,330.942422466706
MOZ,AFR,2004,M,15_19,17.6262282307563,0,517.587944836442,147.348359278147,0,517.587944836442
MOZ,AFR,2004,M,20_24,24.9726010536835,0,616.078917936166,247.651186792595,0,616.078917936166
MOZ,AFR,2004,M,5_9,26.5613186250741,0,635.373758026197,169.557123685199,0,635.373758026197
MOZ,AFR,2005,F,0_4,42.7419789633525,0,800.951645747795,331.911416435731,0,800.951645747795
MOZ,AFR,2005,F,10_14,5.87514822194015,0,296.953466116309,42.523008919559,0,296.953466116309
MOZ,AFR,2005,F,15_19,6.60309932976256,0,314.81317555743,64.0518157466303,0,314.81317555743
MOZ,AFR,2005,F,20_24,10.2513127508966,0,392.255215391738,106.507340014601,0,392.255215391738
MOZ,AFR,2005,F,5_9,22.623254665223,0,582.715442055729,163.921098588904,0,582.715442055729
MOZ,AFR,2005,M,0_4,53.4686249313282,0,895.835962180448,397.097743657926,0,895.835962180448
MOZ,AFR,2005,M,10_14,6.85141563374876,0,320.677982131284,41.5267614944257,0,320.677982131284
MOZ,AFR,2005,M,15_19,16.7588315765877,0,501.534546367584,140.09726323187,0,501.534546367584
MOZ,AFR,2005,M,20_24,23.7436852404834,0,596.970744230502,235.464131909833,0,596.970744230502
MOZ,AFR,2005,M,5_9,25.2542211221896,0,615.667139632151,161.213121789318,0,615.667139632151
MOZ,AFR,2006,F,0_4,40.2199695277453,0,774.434620348323,312.326836022351,0,774.434620348323
MOZ,AFR,2006,F,10_14,5.52848249399086,0,287.122257646644,40.01391990856,0,287.122257646644
MOZ,AFR,2006,F,15_19,6.21348052366583,0,304.390687487565,60.2724099353334,0,304.390687487565
MOZ,AFR,2006,F,20_24,9.64642949298079,0,379.268861515273,100.222827154119,0,379.268861515273
MOZ,AFR,2006,F,5_9,21.288359484568,0,563.423540653579,154.248861426235,0,563.423540653579
MOZ,AFR,2006,M,0_4,50.3136849904009,0,866.177611281223,373.66681508019,0,866.177611281223
MOZ,AFR,2006,M,10_14,6.44714481394426,0,310.061328501354,39.0764565048344,0,310.061328501354
MOZ,AFR,2006,M,15_19,15.7699692826321,0,484.930292695909,131.830762046333,0,484.930292695909
MOZ,AFR,2006,M,20_24,22.3426785565408,0,577.206893976193,221.570466318646,0,577.206893976193
MOZ,AFR,2006,M,5_9,23.7640845982424,0,595.284309699884,151.70066999938,0,595.284309699884
MOZ,AFR,2007,F,0_4,60.4104941240703,0,732.91753748419,469.11568342405,102.656914681954,835.574452166145
MOZ,AFR,2007,F,10_14,8.30379443693684,0,271.729765821458,60.1010070842452,0,271.729765821458
MOZ,AFR,2007,F,15_19,9.33266317882222,0,288.072443101993,90.5293094199741,0,288.072443101993
MOZ,AFR,2007,F,20_24,14.4889610570683,0,358.93643275036,150.53493530646,0,358.93643275036
MOZ,AFR,2007,F,5_9,31.9751688192213,0,533.218664463518,231.682172966305,0,533.218664463518
MOZ,AFR,2007,M,0_4,75.5712798185039,0,819.742228980721,561.248484317519,151.377369827159,971.11959880788
MOZ,AFR,2007,M,10_14,9.68362752316695,0,293.439083666066,58.6929347234934,0,293.439083666066
MOZ,AFR,2007,M,15_19,23.6865330300169,0,458.933403331473,198.010132018414,0,458.933403331473
MOZ,AFR,2007,M,20_24,33.5587586839121,0,546.26309857074,332.799390719729,59.6678414343592,605.930940005099
MOZ,AFR,2007,M,5_9,35.6937140888608,0,563.371392373936,227.854783114286,0,563.371392373936
MOZ,AFR,2008,F,0_4,47.2676674601594,0,573.300911936968,367.055499974929,80.4050440064449,653.705955943413
MOZ,AFR,2008,F,10_14,6.49723197589707,0,212.551773669655,47.0255120086516,0,212.551773669655
MOZ,AFR,2008,F,15_19,7.30226140425616,0,225.335301569101,70.8338734040921,0,225.335301569101
MOZ,AFR,2008,F,20_24,11.3367619818197,0,280.766353237416,117.784755221366,0,280.766353237416
MOZ,AFR,2008,F,5_9,25.0186936664569,0,417.092961983245,181.277707905056,0,417.092961983245
MOZ,AFR,2008,M,0_4,59.1300928057864,0,641.216703643181,439.144011382625,118.535659561034,759.752363204215
MOZ,AFR,2008,M,10_14,7.57687041316095,0,229.5331816471,45.9237779958298,0,229.5331816471
MOZ,AFR,2008,M,15_19,18.5333224430756,0,358.985731943882,154.931311350812,0,358.985731943882
MOZ,AFR,2008,M,20_24,26.2577598287656,0,427.296546407002,260.395998403574,46.7477252000735,474.044271607075
MOZ,AFR,2008,M,5_9,27.9282371785473,0,440.67895293629,178.282999893,0,440.67895293629
MOZ,AFR,2009,F,0_4,39.7123233080759,0,479.466567169979,308.38472618315,68.6514425981611,548.11800976814
MOZ,AFR,2009,F,10_14,5.45870339491305,0,177.762614964207,39.508874394747,0,177.762614964207
MOZ,AFR,2009,F,15_19,6.13505555378483,0,188.453814141896,59.5116669160514,0,188.453814141896
MOZ,AFR,2009,F,20_24,9.52467471487135,0,234.812254368746,98.957840135813,0,234.812254368746
MOZ,AFR,2009,F,5_9,21.0196632288971,0,348.825767601172,152.301971552608,0,348.825767601172
MOZ,AFR,2009,M,0_4,49.6786384629441,0,536.266322460773,368.950487635933,100.817326405546,637.08364886632
MOZ,AFR,2009,M,10_14,6.36577059285734,0,191.964611191893,38.5832434155251,0,191.964611191893
MOZ,AFR,2009,M,15_19,15.570924743697,0,300.229169314594,130.166827717824,0,300.229169314594
MOZ,AFR,2009,M,20_24,22.0606749538605,0,357.359292482475,218.773860280961,40.0942140397239,397.453506522199
MOZ,AFR,2009,M,5_9,23.464140370242,0,368.551349542688,149.785942749446,0,368.551349542688
MOZ,AFR,2010,F,0_4,48.6646433710546,0,588.789861131335,377.903669960421,83.5087393947535,672.298600526089
MOZ,AFR,2010,F,10_14,6.68925491769923,0,218.294314026723,48.4153311176405,0,218.294314026723
MOZ,AFR,2010,F,15_19,7.51807665017249,0,231.423216248862,72.9273385598273,0,231.423216248862
MOZ,AFR,2010,F,20_24,11.6718151851432,0,288.351856225872,121.265833822363,0,288.351856225872
MOZ,AFR,2010,F,5_9,25.7581105713331,0,428.361619616563,186.635293856141,0,428.361619616563
MOZ,AFR,2010,M,0_4,60.8776576782927,0,658.540543076391,452.122726819159,122.852455280964,781.392998357355
MOZ,AFR,2010,M,10_14,7.80080161213712,0,235.73451102741,47.2810358222587,0,235.73451102741
MOZ,AFR,2010,M,15_19,19.0810669456715,0,368.684498591218,159.510240699981,0,368.684498591218
MOZ,AFR,2010,M,20_24,27.033796809769,0,438.840875677063,268.091891952144,48.6714541136125,487.512329790676
MOZ,AFR,2010,M,5_9,28.7536444107761,0,452.584836514943,183.552078515973,0,452.584836514943
MOZ,AFR,2011,F,0_4,49.5590169966039,0,600.075065742937,384.848898610987,84.8113657395188,684.886431482456
MOZ,AFR,2011,F,10_14,6.81219208025789,0,222.478312702596,49.3051228067239,0,222.478312702596
MOZ,AFR,2011,F,15_19,7.65624615075845,0,235.858853680229,74.2676193812026,0,235.858853680229
MOZ,AFR,2011,F,20_24,11.886323356595,0,293.878632266803,123.494494220094,0,293.878632266803
MOZ,AFR,2011,F,5_9,26.2315009661487,0,436.571931723231,190.065334083674,0,436.571931723231
MOZ,AFR,2011,M,0_4,61.9964857974579,0,671.162643530656,460.431975883095,124.850654117767,796.013297648423
MOZ,AFR,2011,M,10_14,7.94416711811323,0,240.25278208909,48.1499810872136,0,240.25278208909
MOZ,AFR,2011,M,15_19,19.4317446007696,0,375.750992561976,162.441768445885,0,375.750992561976
MOZ,AFR,2011,M,20_24,27.5306321544928,0,447.252041359221,273.018966328441,49.3929456488309,496.644987008051
MOZ,AFR,2011,M,5_9,29.282087638097,0,461.259429644597,186.925454473697,0,461.259429644597
MOZ,AFR,2012,F,0_4,53.6685313066231,0,648.008573438046,416.76119534081,92.7569086217868,740.765482059833
MOZ,AFR,2012,F,10_14,7.37707012935918,0,240.249699188588,53.3935837974852,0,240.249699188588
MOZ,AFR,2012,F,15_19,8.29111453645964,0,254.699066885628,80.4260111959242,0,254.699066885628
MOZ,AFR,2012,F,20_24,12.8719566255274,0,317.353418148381,133.734858576794,0,317.353418148381
MOZ,AFR,2012,F,5_9,28.4066596986364,0,471.444942190373,205.825860776676,0,471.444942190373
MOZ,AFR,2012,M,0_4,67.1373352532294,0,724.774569062866,498.611744335888,136.224459804455,860.999028867321
MOZ,AFR,2012,M,10_14,8.60291037880599,0,259.443978718433,52.142655847454,0,259.443978718433
MOZ,AFR,2012,M,15_19,21.0430564738638,0,405.765675926823,175.911704139276,0,405.765675926823
MOZ,AFR,2012,M,20_24,29.8135169584936,0,482.978170288779,295.658143152876,54.1690580084863,537.147228297265
MOZ,AFR,2012,M,5_9,31.7102059799972,0,498.104457346151,202.425617241607,0,498.104457346151
MOZ,AFR,2013,F,0_4,56.2206445180082,0,674.200760811138,436.579545624019,99.47916521845,773.679926029588
MOZ,AFR,2013,F,10_14,7.72787380667406,0,249.960473699009,55.9326223605863,0,249.960473699009
MOZ,AFR,2013,F,15_19,8.68538399810586,0,264.99387772158,84.2505296001839,0,264.99387772158
MOZ,AFR,2013,F,20_24,13.4840600269173,0,330.18068700307,140.094386051954,0,330.18068700307
MOZ,AFR,2013,F,5_9,29.7574887551279,0,490.500514551758,215.613549870138,0,490.500514551758
MOZ,AFR,2013,M,0_4,70.3299338972659,0,754.069600169366,522.322354428772,145.287554344089,899.357154513455
MOZ,AFR,2013,M,10_14,9.01200674681863,0,269.930576553644,54.622208718101,0,269.930576553644
MOZ,AFR,2013,M,15_19,22.0437222481523,0,422.166524695008,184.276877793934,0,422.166524695008
MOZ,AFR,2013,M,20_24,31.2312466532549,0,502.499910049412,309.717649437513,58.4676944128071,560.967604462219
MOZ,AFR,2013,M,5_9,33.2181294063889,0,518.237594179456,212.051613696262,0,518.237594179456
MOZ,AFR,2014,F,0_4,55.5993230328718,0,663.749447652269,431.754694290627,99.8799704644924,763.629418116762
MOZ,AFR,2014,F,10_14,7.64246934232339,0,246.085640949155,55.3144839473658,0,246.085640949155
MOZ,AFR,2014,F,15_19,8.58939762635669,0,260.886000421176,83.3194363225559,0,260.886000421176
MOZ,AFR,2014,F,20_24,13.3350411696378,0,325.062298001658,138.546135356019,0,325.062298001658
MOZ,AFR,2014,F,5_9,29.4286243803813,0,482.896882547548,213.230700435217,0,482.896882547548
MOZ,AFR,2014,M,0_4,69.5526838434249,0,742.380177681218,516.54991791981,145.359829079202,887.740006760419
MOZ,AFR,2014,M,10_14,8.91241070938439,0,265.746171624581,54.0185523186936,0,265.746171624581
MOZ,AFR,2014,M,15_19,21.8001064311765,0,415.622191298721,182.240345051048,0,415.622191298721
MOZ,AFR,2014,M,20_24,30.8860950684656,0,494.710266033124,306.294810166086,58.9396771495244,553.649943182648
MOZ,AFR,2014,M,5_9,32.8510198210546,0,510.203988015986,209.708128937654,0,510.203988015986
MOZ,AFR,2015,F,0_4,59.7973900146047,0,714.971277045629,464.354643848196,106.869005325381,821.84028237101
MOZ,AFR,2015,F,10_14,8.21951950147633,0,265.076175346491,59.4910439485252,0,265.076175346491
MOZ,AFR,2015,F,15_19,9.23794628848455,0,281.018684903183,89.6105304489167,0,281.018684903183
MOZ,AFR,2015,F,20_24,14.3419130698803,0,350.147494877298,149.007161220308,0,350.147494877298
MOZ,AFR,2015,F,5_9,31.6506538870366,0,520.162241968824,229.330838245493,0,520.162241968824
MOZ,AFR,2015,M,0_4,74.8043093957965,0,799.669974216191,555.552391988608,155.717404880513,955.387379096703
MOZ,AFR,2015,M,10_14,9.58534870729111,0,286.253917601681,58.0972620676531,0,286.253917601681
MOZ,AFR,2015,M,15_19,23.4461391886775,0,447.695933958843,196.000533728972,0,447.695933958843
MOZ,AFR,2015,M,20_24,33.2181719504976,0,532.887269321822,329.421820695909,62.9781860349985,595.86545535682
MOZ,AFR,2015,M,5_9,35.3314597635605,0,549.576648471529,225.542292446661,0,549.576648471529
MOZ,AFR,2016,F,0_4,53.3222792655618,0,631.007837918135,414.072386629105,98.568467670037,729.576305588172
MOZ,AFR,2016,F,10_14,7.32947565402782,0,233.946662836811,53.0491056290069,0,233.946662836811
MOZ,AFR,2016,F,15_19,8.23762294164552,0,248.016946230469,79.9071285312979,0,248.016946230469
MOZ,AFR,2016,F,20_24,12.7889109161418,0,309.027538292108,132.872044435698,0,309.027538292108
MOZ,AFR,2016,F,5_9,28.2233890992568,0,459.076416366934,204.497938758654,0,459.076416366934
MOZ,AFR,2016,M,0_4,66.704186836515,0,705.759850330332,495.394862301483,142.514937136317,848.274787466649
MOZ,AFR,2016,M,10_14,8.54740717785735,0,252.637373612849,51.8062482623394,0,252.637373612849
MOZ,AFR,2016,M,15_19,20.9072934656939,0,395.12026902597,174.776778604297,0,395.12026902597
MOZ,AFR,2016,M,20_24,29.6211697701735,0,470.307066122045,293.750652244693,58.5971191836702,528.904185305715
MOZ,AFR,2016,M,5_9,31.5056219663166,0,485.036509655734,201.119632497354,0,485.036509655734
MOZ,AFR,2017,F,0_4,40.79391778334,0,502.759298062236,316.783812116934,65.4041630858161,568.163461148052
MOZ,AFR,2017,F,10_14,5.60737521620745,0,186.398413655041,40.5849277884921,0,186.398413655041
MOZ,AFR,2017,F,15_19,6.30214832599397,0,197.608996753138,61.1325111474671,0,197.608996753138
MOZ,AFR,2017,F,20_24,9.7840862700799,0,246.219553700373,101.653030048133,0,246.219553700373
MOZ,AFR,2017,F,5_9,21.5921492918232,0,365.771901678835,156.450028308815,0,365.771901678835
MOZ,AFR,2017,M,0_4,51.0316728972008,0,562.31841449586,378.999126844884,97.839919596954,660.158334092814
MOZ,AFR,2017,M,10_14,6.53914705966892,0,201.290350118221,39.6340865654501,0,201.290350118221
MOZ,AFR,2017,M,15_19,15.9950103870095,0,314.814455809391,133.712017472393,0,314.814455809391
MOZ,AFR,2017,M,20_24,22.6615137404908,0,374.719989560423,224.732328053695,37.3723332734831,412.092322833906
MOZ,AFR,2017,M,5_9,24.1032035747388,0,386.45576247297,153.865473601691,0,386.45576247297
MOZ,AFR,2018,F,0_4,37.541687069119,0,491.98237553052,291.528722644918,45.5375348796579,537.519910410178
MOZ,AFR,2018,F,10_14,5.16033607666789,0,182.402860968621,37.3493584717894,0,182.402860968621
MOZ,AFR,2018,F,15_19,5.79971949676921,0,193.37313904193,56.2588181757174,0,193.37313904193
MOZ,AFR,2018,F,20_24,9.00406543346544,0,240.941701920705,93.548902656612,0,240.941701920705
MOZ,AFR,2018,F,5_9,19.8707492663127,0,357.93137945704,143.977296711722,0,357.93137945704
MOZ,AFR,2018,M,0_4,46.9632533137761,0,550.264809491366,348.784019594548,73.6516148488655,623.916424340231
MOZ,AFR,2018,M,10_14,6.01782388043388,0,196.975580569518,36.4743215646346,0,196.975580569518
MOZ,AFR,2018,M,15_19,14.7198334272676,0,308.06623451304,123.052037904048,0,308.06623451304
MOZ,AFR,2018,M,20_24,20.8548603219837,0,366.687660145249,206.815897872737,23.4720678001123,390.159727945361
MOZ,AFR,2018,M,5_9,22.1816137094746,0,378.171870299999,141.598791549673,0,378.171870299999
MOZ,AFR,2019,F,0_4,38.1209950358882,0,508.843292378863,296.027319398412,41.6056732089803,550.448965587844
MOZ,AFR,2019,F,10_14,5.23996552419155,0,188.65405943559,37.9256986047338,0,188.65405943559
MOZ,AFR,2019,F,15_19,5.8892153072084,0,200.000304119893,57.1269512862547,0,200.000304119893
MOZ,AFR,2019,F,20_24,9.14300769328754,0,249.199107477159,94.9924612396767,0,249.199107477159
MOZ,AFR,2019,F,5_9,20.1773759593128,0,370.198183160994,146.19901879004,0,370.198183160994
MOZ,AFR,2019,M,0_4,47.68794601978,0,569.123146006771,354.166126180765,69.6045531773792,638.72769918415
MOZ,AFR,2019,M,10_14,6.11068527236149,0,203.726206303937,37.0371589519352,0,203.726206303937
MOZ,AFR,2019,M,15_19,14.9469760369813,0,318.62409069296,124.950861091018,0,318.62409069296
MOZ,AFR,2019,M,20_24,21.1766728901867,0,379.254553705929,210.007286077303,20.3800092243386,399.634562930267
MOZ,AFR,2019,M,5_9,22.5238994867237,0,391.132343635319,143.783810775857,0,391.132343635319
