"year","group","csnd3","csdf3","csnd4","csdf4","csnd7","csdf7","csnd9","csdf9","csnd10","csdf10","csnd11","csdf11","csnd12","csdf12","csnd14","csdf14","csnd15","csdf15","csnd16","csdf16","csnd17","csdf17","csnd18","csdf18","csnd19","csdf19","csnd21","csdf21","csnd22","csdf22","csnd23","csdf23","csnd24","csdf24","csnd25","csdf25","csnd26","csdf26","csnd27","csdf27","csnd28","csdf28","dtot_igme","pop_wpp"
2000,"Both 5-9",470.400692146271,0.00988465175032616,54.0165245871758,0.00113506324123591,1358.38375670649,0.028544070199132,2362.12258795649,0.0496358945965767,281.481316759251,0.00591483991593122,0,0,1603.38234806433,0.0336922891438007,2811.05450545996,0.0590694174170494,5394.0587477088,0.113346755504608,1035.29127654992,0.0217548441141844,413.906013839878,0.00869751442223787,880.690800860524,0.018506184220314,2612.28693534806,0.0548926629126072,7884.7925902158,0.165685191750526,13856.8735282123,0.291178077459335,61.0841543083079,0.00128357717767358,723.641827546991,0.015206073410809,0,0,0,0,615.802138550207,0.0129400100558996,5169.73036044091,0.108632884919643,47589,99803025
2000,"Both 10-14",175.100091199856,0.00369674642570317,12.7047552426811,0.000268225208856165,824.898129235953,0.0174154061824083,1096.25693261996,0.0231443848460913,409.076447399333,0.00863649975508451,0,0,1169.00566323474,0.0246802698820829,2851.52293450385,0.0602018944919109,6888.06253114343,0.145422086119652,1423.04525184631,0.0300436019897461,494.505599409342,0.0104400962591171,543.870147773996,0.0114822899922729,2937.64991045743,0.0620202235877514,6499.74792310596,0.137223914265633,13939.051050365,0.294283896684647,191.002384578809,0.00403247866779566,749.53579011187,0.0158243421465158,0,0,0,0,2245.78316624463,0.0474134013056755,4915.17983028293,0.103770211338997,47366,131415406
2000,"Male 15-19",59.0454981108196,0.001515191514045,0,0,304.910185814835,0.00782442931085825,529.558935890906,0.0135892359539866,336.836991161108,0.00864371657371521,0,0,520.179956168868,0.0133485579863191,1038.25021713972,0.0266429781913757,4903.06200359762,0.1258195489645,1845.22920834646,0.0473512075841427,245.282443766948,0.00629429658874869,575.807533931918,0.0147760407999158,2489.74054694921,0.0638902857899666,11462.9123225212,0.294154644012451,4720.77475721389,0.12114179879427,175.452548908535,0.00450236210599542,1263.87850744277,0.032432921230793,59.1394191061845,0.00151760166045278,0,0,2716.81096435338,0.0697172358632088,5722.12748323381,0.146837934851646,38969,52908190
2000,"Female 15-19_(4)",71.6464145060163,0.00256310286931694,17.0391737656319,0.000609565118793398,514.287414347753,0.0183982905000448,365.479582402855,0.0130747891962528,666.003734158352,0.023825841024518,408.10042852629,0.0145995216444135,656.897716367617,0.0235000792890787,1511.84908082336,0.0540853962302208,4939.58989280462,0.176710546016693,1464.49624714255,0.05239138007164,301.081367651001,0.0107709858566523,362.476802069694,0.0129673667252064,3020.25198283046,0.108047507703304,4637.1029894501,0.165889278054237,1730.51534345746,0.0619080364704132,103.036264980445,0.00368605391122401,614.022290995345,0.0219662394374609,0,0,0,0,3787.44694626331,0.135493397712708,2781.67652433366,0.0995126292109489,27953,49887010
2001,"Both 5-9",413.593598537147,0.00988465175032616,47.493316139793,0.00113506324123591,1194.34098527208,0.028544070199132,2076.86510170996,0.0496358945965767,247.488731762394,0.00591483991593122,0,0,1409.75276235491,0.0336922891438007,2471.58256356418,0.0590694174170494,4742.65494382381,0.113346755504608,910.266187425703,0.0217548441141844,363.921398455277,0.00869751442223787,774.335760146379,0.018506184220314,2296.81880158931,0.0548926629126072,6932.59979322553,0.165685191750526,12183.4731170535,0.291178077459335,53.7074362682179,0.00128357717767358,636.252523655072,0.015206073410809,0,0,0,0,541.435900758952,0.0129400100558996,4545.41717080772,0.108632884919643,41842,93411202
2001,"Both 10-14",165.104088864755,0.00369674642570317,11.9794742779341,0.000268225208856165,777.806870918721,0.0174154061824083,1033.67451599613,0.0231443848460913,385.723352061585,0.00863649975508451,0,0,1102.27021347359,0.0246802698820829,2688.73701179773,0.0602018944919109,6494.84121027589,0.145422086119652,1341.80735206604,0.0300436019897461,466.275579124689,0.0104400962591171,512.82203563489,0.0114822899922729,2769.94722587615,0.0620202235877514,6128.69445893168,0.137223914265633,13143.3073937297,0.294283896684647,180.09856226109,0.00403247866779566,706.746768947691,0.0158243421465158,0,0,0,0,2117.57732911408,0.0474134013056755,4634.58517882228,0.103770211338997,44662,128981559
2001,"Male 15-19",58.8712510867044,0.001515191514045,0,0,304.010376444086,0.00782442931085825,527.996173756197,0.0135892359539866,335.842963755131,0.00864371657371521,0,0,518.644872000441,0.0133485579863191,1035.18627464771,0.0266429781913757,4888.5927554667,0.1258195489645,1839.78381947428,0.0473512075841427,244.558599659242,0.00629429658874869,574.108289239928,0.0147760407999158,2482.39316408336,0.0638902857899666,11429.0845384598,0.294154644012451,4706.84345035255,0.12114179879427,174.934777266346,0.00450236210599542,1260.14872150123,0.032432921230793,58.9648949152324,0.00151760166045278,0,0,2708.79348222911,0.0697172358632088,5705.24112072587,0.146837934851646,38854,55634590
2001,"Female 15-19_(4)",71.5567059055902,0.00256310286931694,17.0178389864741,0.000609565118793398,513.643474180251,0.0183982905000448,365.021964780986,0.0130747891962528,665.169829722494,0.023825841024518,407.589445268735,0.0145995216444135,656.075213592499,0.0235000792890787,1509.9560919553,0.0540853962302208,4933.40502369404,0.176710546016693,1462.66254884005,0.05239138007164,300.704383146018,0.0107709858566523,362.022944234312,0.0129673667252064,3016.47032006085,0.108047507703304,4631.2968647182,0.165889278054237,1728.348562181,0.0619080364704132,102.907253093552,0.00368605391122401,613.253472615033,0.0219662394374609,0,0,0,0,3782.70467734337,0.135493397712708,2778.19358231127,0.0995126292109489,27918,52402660
2002,"Both 5-9",372.710678897798,0.00988465175032616,42.7986945740413,0.00113506324123591,1076.28271092847,0.028544070199132,1871.57104165852,0.0496358945965767,223.024953870103,0.00591483991593122,0,0,1270.40145445615,0.0336922891438007,2227.27145312726,0.0590694174170494,4273.85276305676,0.113346755504608,820.288152169436,0.0217548441141844,327.948478804901,0.00869751442223787,697.794182211161,0.018506184220314,2069.78274778277,0.0548926629126072,6247.32584014535,0.165685191750526,10979.1605886817,0.291178077459335,48.3985610613599,0.00128357717767358,573.360204027966,0.015206073410809,0,0,0,0,487.916019167751,0.0129400100558996,4096.11155878007,0.108632884919643,37706,89581925
2002,"Both 10-14",151.296740964754,0.00369674642570317,10.9776531228563,0.000268225208856165,712.760328827426,0.0174154061824083,947.230238595977,0.0231443848460913,353.466025476344,0.00863649975508451,0,0,1010.08940546401,0.0246802698820829,2463.88293587044,0.0602018944919109,5951.68971861899,0.145422086119652,1229.59449863434,0.0300436019897461,427.281819596887,0.0104400962591171,469.935682513751,0.0114822899922729,2538.3016907759,0.0620202235877514,5616.16313914955,0.137223914265633,12044.1570396125,0.294283896684647,165.037254436873,0.00403247866779566,647.642851030454,0.0158243421465158,0,0,0,0,1940.48827523738,0.0474134013056755,4247.00343947113,0.103770211338997,40927,123068141
2002,"Male 15-19",59.7712748460472,0.001515191514045,0,0,308.658087454736,0.00782442931085825,536.068179912865,0.0135892359539866,340.977331399918,0.00864371657371521,0,0,526.573915444314,0.0133485579863191,1051.01220369339,0.0266429781913757,4963.32956755161,0.1258195489645,1867.91043677926,0.0473512075841427,248.297411832958,0.00629429658874869,582.885257475078,0.0147760407999158,2520.3439938426,0.0638902857899666,11603.8123970032,0.294154644012451,4778.80167883635,0.12114179879427,177.609180357307,0.00450236210599542,1279.41387671232,0.032432921230793,59.8663503015414,0.00151760166045278,0,0,2750.20552033186,0.0697172358632088,5792.46285402775,0.146837934851646,39448,59559156
2002,"Female 15-19_(4)",72.6434615221806,0.00256310286931694,17.2762945968425,0.000609565118793398,521.44434935227,0.0183982905000448,370.565675400198,0.0130747891962528,675.27198631689,0.023825841024518,413.779642445967,0.0145995216444135,666.039247211069,0.0235000792890787,1532.88829995692,0.0540853962302208,5008.33029520512,0.176710546016693,1484.87649399042,0.05239138007164,305.271281149238,0.0107709858566523,367.521107725799,0.0129673667252064,3062.28246332705,0.108047507703304,4701.6339186132,0.165889278054237,1754.59756964445,0.0619080364704132,104.470139951911,0.00368605391122401,622.567158136517,0.0219662394374609,0,0,0,0,3840.15387797356,0.135493397712708,2820.38693709671,0.0995126292109489,28342,56032504
2003,"Both 5-9",345.695925664157,0.00988465175032616,39.6965667357435,0.00113506324123591,998.271767074242,0.028544070199132,1735.91614172608,0.0496358945965767,206.859696379863,0.00591483991593122,0,0,1178.32042822614,0.0336922891438007,2065.83473532647,0.0590694174170494,3964.07608026266,0.113346755504608,760.83216320537,0.0217548441141844,304.178171888925,0.00869751442223787,647.216780737042,0.018506184220314,1919.76110004261,0.0548926629126072,5794.50821109116,0.165685191750526,10183.3709029853,0.291178077459335,44.8905446347781,0.00128357717767358,531.802005396225,0.015206073410809,0,0,0,0,452.550971684977,0.0129400100558996,3799.21788429469,0.108632884919643,34973,88371432
2003,"Both 10-14",135.42660855921,0.00369674642570317,9.82616230123676,0.000268225208856165,637.995990086347,0.0174154061824083,847.871394451708,0.0231443848460913,316.389532027766,0.00863649975508451,0,0,904.137006860226,0.0246802698820829,2205.43620281667,0.0602018944919109,5327.39270290732,0.145422086119652,1100.61731529236,0.0300436019897461,382.462486356497,0.0104400962591171,420.642211576924,0.0114822899922729,2272.04887091368,0.0620202235877514,5027.06087520719,0.137223914265633,10780.7962711453,0.294283896684647,147.725823516026,0.00403247866779566,579.708950195462,0.0158243421465158,0,0,0,0,1736.94254343212,0.0474134013056755,3801.51792219281,0.103770211338997,36634,114684274
2003,"Male 15-19",60.7531189471483,0.001515191514045,0,0,313.728317648172,0.00782442931085825,544.874004811049,0.0135892359539866,346.578459739685,0.00864371657371521,0,0,535.223781019449,0.0133485579863191,1068.2768535614,0.0266429781913757,5044.86063528061,0.1258195489645,1898.59401929379,0.0473512075841427,252.376116022468,0.00629429658874869,592.460131913424,0.0147760407999158,2561.7448990345,0.0638902857899666,11794.4246063232,0.294154644012451,4857.30156445503,0.12114179879427,180.526711001992,0.00450236210599542,1300.43040966988,0.032432921230793,60.8497561775148,0.00151760166045278,0,0,2795.38228917122,0.0697172358632088,5887.61383581161,0.146837934851646,40096,63761127
2003,"Female 15-19_(4)",73.5866833780892,0.00256310286931694,17.5006145605585,0.000609565118793398,528.214920256287,0.0183982905000448,375.377197824419,0.0130747891962528,684.039895813912,0.023825841024518,419.152266411111,0.0145995216444135,674.68727638945,0.0235000792890787,1552.79172576964,0.0540853962302208,5073.35977613926,0.176710546016693,1504.15652185678,0.05239138007164,309.235003944486,0.0107709858566523,372.293098680675,0.0129673667252064,3102.04394616187,0.108047507703304,4762.68117293715,0.165889278054237,1777.37972706556,0.0619080364704132,105.826607791241,0.00368605391122401,630.650734249502,0.0219662394374609,0,0,0,0,3890.01544833183,0.135493397712708,2857.00758464634,0.0995126292109489,28710,59892760
2004,"Both 5-9",326.124308678154,0.00988465175032616,37.4491407693581,0.00113506324123591,941.754489251019,0.028544070199132,1637.6370376828,0.0496358945965767,195.148309444627,0.00591483991593122,0,0,1111.60967349648,0.0336922891438007,1948.87724987589,0.0590694174170494,3739.64942959496,0.113346755504608,717.75755750882,0.0217548441141844,286.957087595626,0.00869751442223787,610.574523773316,0.018506184220314,1811.073591266,0.0548926629126072,5466.45142213178,0.165685191750526,9606.8381175418,0.291178077459335,42.3490609762796,0.00128357717767358,501.693970012218,0.015206073410809,0,0,0,0,426.929743238488,0.0129400100558996,3584.1247004947,0.108632884919643,32992.9993403554,88576783.7324219
2004,"Both 10-14",120.4252094158,0.00369674642570317,8.7377042478526,0.000268225208856165,567.324261679329,0.0174154061824083,753.951467298778,0.0231443848460913,281.342611003602,0.00863649975508451,0,0,803.984457338853,0.0246802698820829,1961.13687998962,0.0602018944919109,4737.26979293975,0.145422086119652,978.700360961853,0.0300436019897461,340.096569671031,0.0104400962591171,374.047072116771,0.0114822899922729,2020.37076755922,0.0620202235877514,4470.20615138658,0.137223914265633,9586.59204741243,0.294283896684647,131.362022739136,0.00403247866779566,515.493760570545,0.0158243421465158,0,0,0,0,1544.53893338526,0.0474134013056755,3380.41834428596,0.103770211338997,32575.9994189739,106134615.945312
2004,"Male 15-19",70.7740740890294,0.001515191514045,0,0,365.476399925645,0.00782442931085825,634.748533967957,0.0135892359539866,403.745025973346,0.00864371657371521,0,0,623.506548940052,0.0133485579863191,1244.48434075167,0.0266429781913757,5876.98782478619,0.1258195489645,2211.75860787298,0.0473512075841427,294.004427150715,0.00629429658874869,690.183779820656,0.0147760407999158,2984.29325808253,0.0638902857899666,13739.8621731926,0.294154644012451,5658.49172442586,0.12114179879427,210.303784248817,0.00450236210599542,1514.93058721264,0.032432921230793,70.8866511981596,0.00151760166045278,0,0,3256.46809035556,0.0697172358632088,6858.74939500344,0.146837934851646,46709.6557979584,66766300.7695312
2004,"Female 15-19_(4)",54.9512443227588,0.00256310286931694,13.0686763197976,0.000609565118793398,394.447280478636,0.0183982905000448,280.314904326618,0.0130747891962528,510.810403673894,0.023825841024518,313.004167909723,0.0145995216444135,503.826285740343,0.0235000792890787,1159.55541937813,0.0540853962302208,3788.55819827444,0.176710546016693,1123.23682408051,0.05239138007164,230.922871840728,0.0107709858566523,278.011837008137,0.0129673667252064,2316.46769442841,0.108047507703304,3556.55731106642,0.165889278054237,1327.26769508652,0.0619080364704132,79.0265780930249,0.00368605391122401,470.941765400862,0.0219662394374609,0,0,0,0,2904.8895738687,0.135493397712708,2133.48549776633,0.0995126292109489,21439.344078064,62570994.4648438
2005,"Both 5-9",278.805521034919,0.00900621898472309,17.2760998348819,0.000558067637030035,857.466214828026,0.0276986211538315,1527.62937614494,0.0493468157947063,209.688645100509,0.00677354540675879,0,0,977.309105453206,0.0315698906779289,1687.46979374773,0.0545101203024387,3433.56583107841,0.110914036631584,670.203697636743,0.0216495040804148,354.819942980356,0.011461703106761,489.656486002986,0.0158173106610775,1759.44822825376,0.0568352304399014,5259.86046889203,0.169908598065376,9122.13657326973,0.294671207666397,19.9269636043883,0.000643698149360716,433.988384683979,0.0140190711244941,0,0,0,0,352.566919332328,0.0113889239728451,3505.18168752033,0.113227434456348,30956.9999916553,88198485.203125
2005,"Both 10-14",112.017278433302,0.00381114869378507,4.25198065420866,0.000144664561958052,490.870513337996,0.0167008209973574,704.090881042482,0.0239551886916161,267.963947176379,0.00911690108478069,0,0,770.284493444999,0.026207285001874,1655.93475462685,0.0563396438956261,4228.73145048548,0.143873557448387,965.124367922316,0.0328362956643105,371.398457045546,0.0126360394060612,372.742054588798,0.0126817524433136,1964.18412713956,0.0668271705508232,3970.51808407863,0.13508839905262,8611.30509340762,0.292981266975403,106.977726925612,0.00363968871533871,403.503770161195,0.013728354126215,0,0,0,0,1350.37202973199,0.0459435246884823,3041.72702010687,0.103488266468048,29391.9989571571,99534799.3359375
2005,"Male 15-19",59.5361617803691,0.00131350557785481,0,0,345.971618197151,0.0076329349540174,597.361144528691,0.0131791699677706,414.507634263923,0.00914499815553427,0,0,630.963628630147,0.0139205185696483,1229.72469197999,0.0271305739879608,5519.01044498638,0.121762149035931,2314.60517037138,0.0510655492544174,303.595463810547,0.00669801887124777,598.831137385458,0.0132116014137864,3068.96449004668,0.0677084624767303,13563.8113052604,0.299249082803726,5309.30131385168,0.117135480046272,173.245367969955,0.00382219394668937,1471.49125915738,0.0324645042419434,168.43899619909,0.00371615425683558,26.211525451455,0.000578286941163242,2905.6311999477,0.0641049519181252,6624.95399651206,0.146161824464798,45326.158323288,67692586.4023438
2005,"Female 15-19_(4)",29.2117354648956,0.00147082074545324,14.0488571011342,0.000707364699337631,310.074492975687,0.0156123554334044,233.643442812966,0.0117640262469649,428.510018182521,0.0215756241232157,275.912015861736,0.013892263174057,409.324198940646,0.0206096116453409,1026.04009579995,0.0516614653170109,3432.39686600471,0.172822341322899,1144.79252751427,0.057640690356493,218.492063708784,0.0110011491924524,269.314393422777,0.01356007065624,2271.1932685044,0.114355348050594,3462.69381620261,0.174347802996635,1282.36032358621,0.0645672753453255,22.2360582490104,0.00111959304194897,428.191280487026,0.0215595755726099,0,0,0,0,2572.24605304152,0.129513457417488,2030.15831850952,0.10221915692091,19860.8399801254,63226932.3554688
2006,"Both 5-9",188.49981624426,0.0065265498124063,8.66776371195196,0.000300109531963244,739.138458006921,0.0255916640162468,1470.72737925276,0.0509219355881214,194.14116285684,0.00672187376767397,0,0,867.442763711605,0.0300340261310339,1511.72342859117,0.0523413680493832,3152.53256312826,0.109152153134346,704.052645728998,0.0243768654763699,417.607913638362,0.0144591061398387,411.293231344579,0.014240468852222,1721.87764771706,0.0596176721155643,4990.17935036674,0.17277817428112,8527.48124663357,0.295252442359924,97.2621388059767,0.00336756929755211,357.789990220524,0.0123879918828607,0,0,0,0,261.964794006199,0.00907017476856709,3259.61898759726,0.11285987496376,28882.0006990433,87099151.9609375
2006,"Both 10-14",75.9564885236091,0.00281560164876282,1.83454523451492,6.8004046624992e-05,402.742871769722,0.0149291194975376,611.316285890685,0.0226606465876102,247.552443649397,0.00917642563581467,0,0,716.967191651565,0.026576979085803,1411.82340011651,0.0523343347012997,3947.59116075131,0.14633172750473,1002.64127330761,0.0371665209531784,357.972140653511,0.0132695306092501,348.307730750939,0.0129112843424082,1919.68509543272,0.0711600631475449,3667.899524293,0.135963946580887,7882.77936398608,0.292203694581985,85.3140680341113,0.00316247413866222,317.759131619937,0.0117788901552558,0,0,0,0,1205.26816996559,0.0446776188910007,2773.58956675309,0.102813117206097,26977.0010104179,94916306.2578125
2006,"Male 15-19",31.4375489910773,0.000738069007638842,0,0,282.596090370498,0.00663459533825517,528.627666893025,0.0124107543379068,390.843119707365,0.00917594414204359,0,0,674.430004196505,0.0158338006585836,1181.83456870727,0.0277462936937809,4979.66328721058,0.116909086704254,2315.19625134237,0.0543545745313168,298.106749853635,0.00699874386191368,479.143418297888,0.011248997412622,3071.05119308782,0.0721000134944916,13057.4783955572,0.306554436683655,4836.64460674026,0.113551393151283,207.306249652852,0.00486699258908629,1372.32552304034,0.0322185084223747,46.7434690503474,0.00109741080086678,0,0,2569.96820962959,0.0603359341621399,6270.92462307593,0.147224426269531,42594.3220291138,66758257.921875
2006,"Female 15-19_(4)",14.9015058892078,0.000828244374133646,6.57060551461413,0.000365202489774674,214.444821341988,0.0119191119447351,206.820983578717,0.0114953694865108,341.29826656525,0.0189697854220867,243.56419861665,0.01353760343045,334.088336888812,0.0185690484941006,836.388571740751,0.0464875251054764,3073.54532662849,0.170831501483917,1184.42002468689,0.0658315494656563,212.248404054388,0.0117970323190093,260.584447002953,0.0144836101680994,2133.82872802629,0.118600875139236,3294.02713699489,0.183086156845093,1123.8007037983,0.0624622516334057,87.7782815415498,0.00487882690504193,365.248568230356,0.0203009732067585,0,0,0,0,2279.99113127802,0.126724764704704,1778.12755923649,0.098830558359623,17991.6777639389,62066622.828125
2007,"Both 5-9",118.291428129012,0.00438343686982989,4.26333276307216,0.000157983129611239,634.080454477116,0.0234966445714235,1440.38907257263,0.053375419229269,145.053500625657,0.00537513894960284,0,0,808.781924264371,0.0299704261124134,1475.2104889955,0.0546657703816891,2851.37231670396,0.105661168694496,700.753862225291,0.0259673111140728,468.493347886035,0.017360607162118,327.489738457436,0.0121355419978499,1636.2872864202,0.0606346726417542,4811.26063877102,0.178287282586098,7904.78403042651,0.292921662330627,159.449017145353,0.00590858282521367,260.96232639603,0.00967028550803661,24.5679620301218,0.000910396571271122,0,0,204.114863162582,0.00756373163312674,3010.39476958805,0.111553944647312,26986.0001733303,85943202.09375
2007,"Both 10-14",51.9618375885524,0.00205919938161969,0,0,350.086223655671,0.0138735920190811,573.788284619232,0.0227386970072985,237.916331686952,0.00942840334028006,0,0,596.781328159848,0.0236498899757862,1246.19755062664,0.0493856519460678,3802.42398376446,0.150686532258987,1042.26861501028,0.041304137557745,369.499454780361,0.014642920345068,293.83859204017,0.0116445505991578,1905.50026526405,0.0755132064223289,3523.82552783889,0.139645934104919,7157.34015921616,0.283638745546341,190.875425989881,0.00756421592086554,280.229941932816,0.0111052524298429,0,0,0,0,1057.79412369532,0.0419193990528584,2553.67272112304,0.101199679076672,25234.0001907349,92033145.5234375
2007,"Male 15-19",12.9059376104755,0.000334960903273895,0,0,198.621771026912,0.00515503250062466,431.31308433672,0.0111943064257503,351.870533545554,0.0091324532404542,0,0,609.397435705155,0.0158163104206324,1074.56540684433,0.0278892870992422,4388.39080592701,0.113896362483501,2208.96809216595,0.0573315918445587,290.424253995864,0.00753767555579543,360.339736460585,0.00935226306319237,2854.97673888268,0.0740981101989746,12207.9444713615,0.316845178604126,4216.18730422803,0.109426990151405,228.452029047178,0.00592924747616053,1243.94838863802,0.0322854556143284,0,0,0,0,2150.63017253097,0.0558174885809422,5700.7477646972,0.147957295179367,38529.6835670471,63727198.6054688
2007,"Female 15-19_(4)",10.7878955825152,0.000679367687553167,2.57018794438663,0.000161857577040792,139.963127475058,0.00881417747586966,201.172460256034,0.0126688349992037,263.872397266338,0.0166173633188009,205.191322577068,0.012921922840178,265.225835678327,0.0167025960981846,705.868043942034,0.0444520376622677,2716.78032908839,0.171089231967926,1109.01640860767,0.0698403045535088,201.915625393813,0.0127156358212233,237.038252820856,0.014927483163774,1926.45073610904,0.121318228542805,3052.39685235909,0.192224681377411,933.160218080768,0.0587657615542412,46.9659159983946,0.00295767839998007,309.941685087975,0.0195185765624046,0,0,0,0,1995.18999162696,0.125647082924843,1555.81038916607,0.0979771539568901,15879.3180484772,58865070.4921875
2008,"Both 5-9",76.5352697930686,0.00222622160799801,8.18524816851772,0.000238088614423759,539.124436774689,0.0156817957758904,1412.65177000161,0.0410905443131924,87.0621433237905,0.00253242230974138,0,0,819.098248108453,0.023825541138649,1496.30900577452,0.0435239262878895,2732.38517981747,0.0794783234596252,735.560183099264,0.0213956255465746,441.058712851842,0.0128293065354228,280.696744346671,0.00816477369517088,1633.75010118752,0.047521747648716,4536.48889518712,0.131955236196518,7284.50241455887,0.211888149380684,9230.36772584029,0.268488556146622,212.945699790478,0.00619406346231699,0,0,0,0,149.103629181174,0.00433705560863018,2703.17252584482,0.0786285996437073,34378.998711586,84691835.9375
2008,"Both 10-14",25.0370472575637,0.000784737407229841,0,0,329.929543258952,0.0103409979492426,535.032284653124,0.0167695432901382,215.610062855393,0.00675787683576345,0,0,514.917436447815,0.0161390826106071,1165.798662355,0.0365396849811077,3769.01870191277,0.118132539093494,1068.32999376938,0.0334847196936607,336.16784659702,0.0105365253984928,258.602315056294,0.0081053851172328,1916.17313953214,0.0600587092339993,3442.79940788272,0.107907831668854,6647.23053115507,0.208344474434853,8098.27844091578,0.25382474064827,281.137474961273,0.00881170574575663,0,0,0,0,934.482424498709,0.0292895287275314,2366.45618383407,0.0741719529032707,31905.0003566742,90480117.9648438
2008,"Male 15-19",1.79738377780017,4.6944354835432e-05,0,0,139.900993019289,0.00365395634435117,358.121805427887,0.00935348216444254,289.375869001675,0.00755796488374472,0,0,538.046720489102,0.014052789658308,928.612821595925,0.0242536570876837,3890.50477144737,0.101612821221352,2008.42361414355,0.0524563267827034,268.950974405837,0.00702450424432755,298.631896119305,0.00779971526935697,2531.29013280311,0.0661126375198364,10734.2502083042,0.280358850955963,3670.13289616982,0.0958571135997772,4716.71887401211,0.123192012310028,1055.918331013,0.0275786425918341,28.0742881595947,0.000733248714823276,0,0,1781.55726715337,0.0465309955179691,5047.22961830424,0.131824344396591,38287.5381736755,59428848.0625
2008,"Female 15-19_(4)",13.3341161739663,0.000779614958446473,0,0,105.437098158396,0.00616466347128153,210.3124019923,0.0122964801266789,224.997679192622,0.0131550943478942,159.945834026258,0.00935166329145432,221.988243095026,0.0129791395738721,626.316392305234,0.0366192720830441,2366.83322904644,0.138383269309998,1067.40870681028,0.0624089203774929,189.40249974614,0.0110739264637232,205.094177105685,0.0119913825765252,1649.03361115024,0.0964151844382286,2850.42063536674,0.166657507419586,728.381784715012,0.042586799710989,3111.59451444249,0.181927740573883,260.929450997005,0.0152559420093894,0,0,0,0,1772.5156500531,0.103634893894196,1339.51850042545,0.0783185511827469,17103.4637413025,54443271.8984375
2009,"Both 5-9",70.4757443656187,0.00298335286788642,6.91878933090554,0.000292883603833616,458.720679206369,0.0194183923304081,1307.79938255542,0.0553612746298313,49.4332938911787,0.00209259171970189,0,0,771.684964425393,0.0326666794717312,1449.07521561932,0.0613417103886604,2627.95520065431,0.11124561727047,657.179765658409,0.0278194881975651,383.25608779191,0.0162238534539938,260.498231563364,0.0110273137688637,1625.93320052232,0.068828396499157,4258.53511088083,0.180270716547966,6847.98462757447,0.289886325597763,34.6996184451226,0.00146889127790928,202.287020596829,0.00856313854455948,0,0,0,0,132.939584197088,0.00562754878774285,2477.62381902649,0.104881845414639,23622.9998550415,83542605.3222656
2009,"Both 10-14",17.7838046098489,0.000777774082962424,0,0,325.552510636365,0.0142380278557539,546.519596600555,0.023902015760541,220.20716362432,0.00963075272738934,0,0,480.988123987589,0.0210359990596771,1065.79663958167,0.0466125793755054,3615.11483800614,0.158106923103333,1030.92573142636,0.0450875014066696,309.459729410067,0.0135342106223106,276.416246450024,0.012089055031538,1951.39402716168,0.0853441506624222,3431.27487528872,0.150066688656807,6195.01195704331,0.270938634872437,30.0793205455536,0.00131551804952323,325.690202107799,0.0142440497875214,0,0,0,0,781.64300977831,0.0341851301491261,2261.14251258051,0.0988909900188446,22865.0002608895,89349890.1640625
2009,"Male 15-19",0.656407469753103,2.24446011998225e-05,0,0,114.506132384668,0.00391531875357032,278.841170089754,0.00953444186598063,244.003050455414,0.0083432188257575,0,0,412.81785123102,0.0141155188903213,777.66927383993,0.0265909172594547,3427.2345080764,0.11718774586916,1788.65529080501,0.0611596554517746,261.17523269444,0.00893038883805275,262.824905496229,0.00898679625242949,2192.52412943704,0.0749691799283028,9589.54878667695,0.327896326780319,3170.1521482761,0.108397305011749,114.699039539038,0.00392191484570503,899.443110065597,0.030754741281271,14.7564644366542,0.00050456915050745,0,0,1467.55395789784,0.0501802079379559,4228.61154687305,0.144589304924011,29245.6731090546,55272421.4375
2009,"Female 15-19_(4)",11.9134957257428,0.000960198522079736,0,0,89.0570237851784,0.00717777758836746,204.262452878161,0.0164630524814129,218.736894277248,0.0176296569406986,112.2547568213,0.00904745794832706,164.412477224363,0.0132512422278523,570.966790010941,0.0460185222327709,2135.96752323353,0.172153741121292,984.297050572365,0.0793319270014763,163.61671527561,0.0131871057674289,156.59681364455,0.0126213189214468,1402.5853797587,0.113044939935207,2686.38787977698,0.216516271233559,649.936844137709,0.0523833148181438,0,0,214.166942463753,0.0172613300383091,0,0,0,0,1475.514918243,0.118922881782055,1166.65112524503,0.0940292179584503,12407.3256225586,50190155.0585938
2010,"Both 5-9",67.8829817160878,0.00305284140631557,3.62137600949012,0.000162860946147703,418.762393280459,0.0188326314091682,1164.95012863554,0.0523902736604214,37.0230175225995,0.00166500348132104,0,0,630.585209331731,0.0283587519079447,1300.50629031496,0.0584865212440491,2587.26684857895,0.116354867815971,658.459870712621,0.0296123344451189,354.798102825784,0.0159560218453407,254.094379783561,0.0114271622151136,1676.18806499425,0.075381726026535,3933.11433979995,0.176880478858948,6452.99380143589,0.290204793214798,91.0866807398614,0.00409636087715626,203.1924487573,0.00913799460977316,0,0,0,0,101.861712333473,0.00458093686029315,2299.6124304924,0.103418439626694,22236.000067234,82802730.8671875
2010,"Both 10-14",11.1248156307261,0.000512192258611321,0,0,284.513507658005,0.0130991488695145,488.991095087418,0.0225134026259184,199.828470829062,0.0092002060264349,0,0,427.799155056051,0.0196960940957069,980.891508920392,0.0451607517898083,3356.95962275715,0.154556155204773,962.622903225326,0.0443196557462215,250.718711096353,0.0115432189777493,307.943997786893,0.0141779007390141,1911.69379905117,0.0880153700709343,3341.74274322204,0.153855562210083,5788.47171690489,0.266504228115082,82.9706356373286,0.00382001092657447,351.786567937483,0.0161964353173971,0,0,0,0,767.711978881429,0.0353458561003208,2204.22808067206,0.101483799517155,21719.9995581508,87977489.5195312
2010,"Male 15-19",0,0,0,0,123.048051399551,0.00472614821046591,249.976023071364,0.00960132014006376,204.214068910171,0.00784365087747574,0,0,314.665236678497,0.012085965834558,667.773964791191,0.0256485063582659,3041.75352003771,0.116830602288246,1636.27677624205,0.0628476962447166,234.313427031127,0.00899973604828119,259.905702475254,0.00998270884156227,1951.30555616167,0.0749476253986359,8648.26583440422,0.332170933485031,2826.5935334272,0.108566530048847,101.662637819876,0.0039047566242516,774.471105471269,0.0297466330230236,0,0,0,0,1273.47890423883,0.0489130057394505,3727.8837876485,0.143184155225754,26035.5887966156,52140170.9765625
2010,"Female 15-19_(4)",7.89774150810761,0.000719781732186675,0,0,74.8786682168402,0.00682426709681749,169.505804570333,0.0154483634978533,210.107194662325,0.0191486794501543,90.091773592846,0.00821075402200222,117.420087440678,0.0107013927772641,521.973295047336,0.0475714281201363,1843.2882969246,0.167992994189262,928.359244030081,0.0846084952354431,134.910352184764,0.0122954146936536,132.34431601246,0.012061552144587,1208.96989403985,0.110182695090771,2474.03541446004,0.225477814674377,616.637985691943,0.0561989471316338,71.2140898333084,0.00649028597399592,165.513706783435,0.015084533020854,0,0,0,0,1213.11809505153,0.11056075245142,992.145171722323,0.0904217958450317,10972.4117116928,46974734.8359375
2011,"Both 5-9",52.7195367807441,0.00250294525176287,0.494201918771156,2.34630351769738e-05,372.161873371109,0.0176689866930246,1003.75911468224,0.0476550869643688,44.662993036377,0.00212044781073928,0,0,502.268629965592,0.0238460153341293,1275.23066416075,0.0605436377227306,2426.55599781683,0.11520466953516,642.437604195391,0.0305007640272379,374.806248992246,0.0177945327013731,267.088018833643,0.0126804355531931,1663.38453268869,0.0789718702435493,3679.98721746733,0.174713343381882,6136.66576163889,0.29134812951088,66.9009828523011,0.00317623233422637,173.251367918221,0.00822538882493973,0,0,0,0,109.850224164772,0.00521531701087952,2270.77566598214,0.107808746397495,21063.0003767014,82561491.5742188
2011,"Both 10-14",11.6913635815748,0.000566030677873641,0.519366930871516,2.51448527706088e-05,257.628144296809,0.0124729191884398,456.077142527253,0.0220807138830423,172.320815952193,0.00834281370043755,0,0,348.412633606365,0.0168681982904673,933.889031246585,0.0452137030661106,3071.622524373,0.14871084690094,884.691380467412,0.04283182695508,228.273583189074,0.0110517349094152,285.874473265974,0.0138404490426183,1865.83210142431,0.0903331935405731,3250.36224180108,0.157364428043365,5448.13144242599,0.263768166303635,72.4275754659947,0.00350653962232172,344.618394251449,0.016684502363205,19.0413702063395,0.000921877042856067,0,0,802.011580477444,0.038828931748867,2201.57509727923,0.106587998569012,20654.9998764992,86558630.8164062
2011,"Male 15-19",1.04377999333924,4.38840361312032e-05,0,0,127.879921681184,0.00537650380283594,224.325158730952,0.00943138729780912,181.461113492296,0.00762923806905746,0,0,239.61908679038,0.010074395686388,599.29975639147,0.025196585804224,2703.52017310723,0.113665118813515,1548.44439846447,0.065101832151413,212.010359600495,0.00891363155096769,238.081398259256,0.0100097460672259,1804.57882316947,0.0758705884218216,7991.03721721033,0.335970193147659,2642.46257250281,0.111098051071167,30.1223457644683,0.00126644514966756,689.570935971241,0.0289918910712004,0,0,0,0,1193.78874532777,0.0501909106969833,3357.7125990384,0.14116957783699,23784.9588451385,49851344.9375
2011,"Female 15-19_(4)",5.23882921704936,0.000540807959623635,0,0,68.0521412320019,0.00702506955713034,136.269597204293,0.0140672046691179,209.917187698342,0.0216698963195086,85.0541722475735,0.00878020096570253,85.1059120443186,0.00878554210066795,465.300475943442,0.0480332896113396,1661.24879951311,0.171491861343384,822.812637732905,0.0849395170807838,114.93697677732,0.0118650235235691,135.21059588584,0.0139578832313418,1068.2455917034,0.110275730490685,2161.10774271691,0.223092645406723,609.545724473506,0.062923826277256,0,0,151.043343582015,0.0155923087149858,0,0,0,0,1011.13019697908,0.104379668831825,896.821387345227,0.0925794914364815,9687.04162693024,44609456.1484375
2012,"Both 5-9",31.759817120524,0.00158079818356782,0.914306163926185,4.55082445114385e-05,350.929348080437,0.0174669921398163,907.501096692409,0.0451695322990417,41.5274179088685,0.0020669661462307,0,0,424.694146787907,0.0211385264992714,1200.59643857092,0.0597579218447208,2422.3806942082,0.120570436120033,694.112632621776,0.0345484353601933,422.178762436759,0.0210133269429207,251.289220610985,0.0125075513496995,1642.59448073588,0.0817577242851257,3520.65073154766,0.175235211849213,5619.14350727759,0.279684603214264,19.4221075614776,0.000966706837061793,154.888123887055,0.00770932855084538,0,0,0,0,81.8978941110899,0.00407634722068906,2304.520776719,0.114704132080078,20091.0005152225,82683328.5703125
2012,"Both 10-14",14.4707057969181,0.000734292669221759,1.04854155731929,5.32065532752313e-05,254.74214034586,0.0129264798015356,431.664281875831,0.0219041090458632,127.070998411765,0.00644801324233413,0,0,303.09239240459,0.015379935503006,947.392778870192,0.0480739213526249,2963.10790791193,0.150358140468597,837.853509123378,0.0425155274569988,233.652286844423,0.0118563091382384,233.610771059613,0.0118542024865746,1804.73367257919,0.0915783047676086,3068.94695027412,0.1557287722826,5172.29268755605,0.26245966553688,56.7087312817704,0.00287759327329695,258.72908726643,0.0131287910044193,0,0,0,0,829.221823183388,0.0420775264501572,2168.66155612589,0.110045239329338,19707.0002241135,85227331.5234375
2012,"Male 15-19",2.31167466302858,0.000103308746474795,0,0,117.447188987757,0.0052487151697278,223.583362783975,0.00999194104224443,162.594064195988,0.00726632913574576,0,0,204.059912662677,0.00911943800747395,578.976099878377,0.0258744433522224,2492.94695630956,0.111409805715084,1599.6338962229,0.0714876428246498,196.070149049826,0.00876237545162439,212.85850352418,0.00951264705508947,1732.65451080298,0.0774323344230652,7263.00894788764,0.324583888053894,2538.87864110685,0.113462492823601,62.4092684702038,0.00278907036408782,588.377810120566,0.0262946058064699,19.0279009406122,0.000850356940645725,0,0,1164.96889909255,0.0520624630153179,3216.56134093648,0.143748134374619,22376.3692998886,48470764.7460938
2012,"Female 15-19_(4)",5.79679730222739,0.000670023611746728,0,0,70.7805122024115,0.00818117521703243,116.357613049482,0.0134492106735706,185.687718062782,0.0214627403765917,71.0846087854759,0.008216324262321,92.1731158063257,0.010653842240572,425.891756615341,0.0492267571389675,1481.71151550267,0.171263828873634,742.292435029273,0.0857979729771614,112.297370520971,0.0129799069836736,145.919400996289,0.0168661139905453,936.499385710156,0.10824541002512,1816.36256553752,0.209944516420364,546.23097944502,0.0631361827254295,0,0,147.738598111656,0.0170763861387968,0,0,0,0,901.792039598024,0.104233756661415,853.014564139426,0.0985958054661751,8651.63137626648,43173245.3203125
2013,"Both 5-9",16.7845084175128,0.000868718430865556,1.21918726960611,6.31016664556228e-05,352.68741069001,0.0182540975511074,830.635736149961,0.0429913438856602,38.9707258546992,0.00201701396144927,0,0,443.509701825531,0.0229548010975122,1138.29993570871,0.0589151680469513,2509.89762070808,0.129905164241791,681.673734948378,0.0352814942598343,415.135444061008,0.0214862301945686,223.960673577673,0.0115915676578879,1671.83961320485,0.0865296646952629,3411.94157987252,0.176592394709587,4953.78661086734,0.256393909454346,16.6290147980867,0.000860670523252338,143.324257046747,0.00741805601865053,0,0,0,0,68.842667139735,0.00356310070492327,2401.86071421103,0.124313481152058,19320.9995565414,83132452.7050781
2013,"Both 10-14",13.703675588063,0.000726600002963096,1.57566326137081,8.3545244706329e-05,257.220311957773,0.0136384051293135,430.260714095512,0.0228134002536535,114.506044865299,0.00607137056067586,0,0,314.140161951023,0.0166564248502254,960.146543611846,0.0509091503918171,2862.44862649097,0.151773527264595,856.006094796982,0.0453873872756958,259.47211203058,0.0137578006833792,185.32737909507,0.00982647854834795,1761.78153803621,0.0934136584401131,2983.11475851722,0.158171519637108,4749.87302062073,0.251849055290222,32.6656446630278,0.00173200666904449,200.26917915696,0.0106187267228961,0,0,0,0,749.499323783924,0.0397401563823223,2127.98788450374,0.112830750644207,18859.9993561506,84031370.765625
2013,"Male 15-19",2.68298133471096,0.000126298196846619,0,0,116.427869708585,0.00548070529475808,219.60767928771,0.0103377737104893,147.265990359417,0.006932373624295,0,0,192.484950762339,0.00906100310385227,552.476068930942,0.0260071624070406,2375.8500555961,0.111840352416039,1662.82825162403,0.0782756879925728,179.481226705454,0.00844886805862188,205.123971081421,0.0096559701487422,1638.4535224354,0.0771282762289047,6649.86637867209,0.313034653663635,2520.26134001089,0.118638344109058,68.8272706416361,0.00323996297083795,478.903687892314,0.0225438289344311,11.3196871373969,0.000532860984094441,0,0,1177.82269073544,0.0554446205496788,3043.54350189291,0.143271237611771,21243.2275495529,47757368.9257812
2013,"Female 15-19_(4)",4.85612778891175,0.000602140673436224,0,0,78.706128257032,0.00975924916565418,108.034312283856,0.0133958281949162,165.276369402522,0.0204936172813177,55.036160632339,0.00682426663115621,105.893794470682,0.0131304124370217,390.370818545372,0.0484044402837753,1431.56564706025,0.177508488297462,675.800232893436,0.0837965607643127,121.352393777511,0.0150472177192569,138.870941418863,0.0172194484621286,857.139198544639,0.106281876564026,1600.8769497737,0.198502421379089,521.360221776022,0.0646466091275215,4.34350288492469,0.000538577209226787,137.32539243965,0.0170278064906597,0,0,0,0,808.943463261038,0.100305795669556,859.021251092654,0.106515243649483,8064.77290630341,42417497.4628906
2014,"Both 5-9",12.2573633201406,0.000655473966617137,1.68809401099304,9.0272405941505e-05,381.474898034179,0.0203997269272804,771.680720673229,0.0412663482129574,30.3638504204199,0.00162373529747128,0,0,450.896166733998,0.024112094193697,1110.83935988272,0.0594031736254692,2691.84832018828,0.14394910633564,616.150846512938,0.0329492427408695,369.473055073634,0.0197579171508551,201.619460387498,0.0107817891985178,1742.99812060585,0.0932084545493126,3304.18964940687,0.176694631576538,4348.91457018555,0.232562273740768,61.0766206845486,0.00326612940989435,152.87580362874,0.00817517656832933,0,0,0,0,52.1673197950105,0.00278969621285796,2399.4866594226,0.128314793109894,18700.0002202988,83773925.875
2014,"Both 10-14",10.8098937947304,0.0005949308979325,1.47864370709387,8.13783044577576e-05,252.814019315843,0.0139138158410788,429.766704256735,0.0236525442451239,102.264223410734,0.00562819093465805,0,0,291.186607933729,0.0160256810486317,974.178133139263,0.0536146499216557,2880.30766026774,0.158519968390465,833.871742625105,0.0458927787840366,279.640046217505,0.0153902070596814,165.16423829546,0.0090899420902133,1721.77557625377,0.0947592556476593,2876.42504671256,0.158306285738945,4396.01609424439,0.241938158869743,46.2837183348986,0.0025472603738308,148.136344772557,0.00815279874950647,0,0,0,0,689.449551601492,0.0379443913698196,2070.43170134469,0.113947816193104,18169.9989566803,83126008.8535156
2014,"Male 15-19",2.16139068845816,0.000106430015875958,0,0,122.305630976517,0.00602250685915351,220.063824522072,0.0108362622559071,133.518913982357,0.00657466519623995,0,0,194.741921773309,0.00958937499672174,542.335585387541,0.0267053917050362,2384.24197958613,0.117403537034988,1734.22991716633,0.0853959992527962,161.892075419944,0.00797180086374283,193.691680378562,0.00953765958547592,1602.91488545311,0.0789298564195633,6100.58548877968,0.30040168762207,2501.52675917009,0.12317880988121,26.7643392019833,0.00131791492458433,372.768495875761,0.0183556620031595,14.5682327468241,0.000717360933776945,0,0,1145.36520899467,0.0563994459807873,2854.41664361603,0.140555620193481,20308.0932636261,47219427.4121094
2014,"Female 15-19_(4)",5.63014191126827,0.00073472666554153,0,0,83.4886736146737,0.0108951702713966,114.244721716252,0.0149087971076369,123.842022577577,0.0161612331867218,38.6184322587058,0.00503965839743614,116.537459458501,0.0152079965919256,371.424099448612,0.0484703928232193,1389.9895144132,0.181391939520836,652.122346299717,0.0851011723279953,133.337647756941,0.0174004007130861,122.184852408038,0.0159449744969606,808.678032472682,0.105531498789787,1480.97868040732,0.193265914916992,499.570942083663,0.0651933997869492,2.00025690601617,0.000261031091213226,111.357894541503,0.0145320696756244,0,0,0,0,768.071875244334,0.100232444703579,840.829157712283,0.109727181494236,7662.90673160553,41837732.6386719
2015,"Both 5-9",11.9900841399867,0.000660501536913216,2.33285942590802,0.000128510961076245,392.217262377813,0.02160619571805,723.749705022633,0.0398694276809692,34.3009224094744,0.00188954570330679,0,0,474.222175372217,0.0261236261576414,1097.14072220584,0.0604385361075401,2870.27721341753,0.158115863800049,568.83100427312,0.0313353724777699,318.775085174668,0.017560463398695,173.952048098678,0.00958255119621754,1841.12794258255,0.101422794163227,3167.15127110754,0.174469858407974,3879.78853386243,0.213727131485939,13.2445821950385,0.000729608465917408,148.685805024945,0.00819070171564817,0,0,0,0,40.169043614679,0.00221280474215746,2395.04306083982,0.131936490535736,18152.999606967,84413416.0097656
2015,"Both 10-14",7.72192103815042,0.000439094786997885,1.38168027309886,7.85670563345775e-05,220.610293948323,0.0125446543097496,410.446859436719,0.0233394093811512,73.2322740777607,0.0041642370633781,0.457673095851933,2.60248543781927e-05,276.329292454329,0.0157130267471075,978.503347508453,0.0556410402059555,2889.51732678562,0.164307817816734,790.657131141032,0.0449594631791115,300.575146180485,0.017091728746891,160.479341788233,0.00912540312856436,1765.96619793323,0.100418865680695,2808.33629203537,0.159691587090492,4059.70005372617,0.230848401784897,6.53586731442302,0.000371651723980904,126.54782332863,0.00719594117254019,0,0,0,0,669.699577495908,0.0380814038217068,2039.3024982291,0.115961700677872,17586.0002596378,82638318.2119141
2015,"Male 15-19",1.59566334995063,8.2980994193349e-05,0,0,112.896323052704,0.00587106868624687,207.188481400281,0.0107746450230479,117.821961984423,0.00612722197547555,0,0,192.358152066648,0.0100034074857831,542.929132160444,0.028234526515007,2361.50133355293,0.122807689011097,1716.13603227888,0.0892460644245148,165.65349460672,0.00861465651541948,191.488257466834,0.00995816942304373,1604.6542774036,0.0834485590457916,5552.89937926364,0.288773387670517,2450.12807364082,0.127416640520096,11.0660068113527,0.000575477431993932,292.959114711557,0.015235067345202,1.9385498529115,0.000100812489108648,0,0,1117.50764237548,0.0581149496138096,2588.54070799985,0.134614661335945,19229.2628626823,46554379.3486328
2015,"Female 15-19_(4)",6.98486442297028,0.000934462819714099,0,0,76.0649783817697,0.0101762739941478,120.514614386763,0.0161229223012924,95.2875464511278,0.0127479452639818,27.2737624076026,0.00364879192784429,104.537314961589,0.0139854159206152,361.837808818062,0.0484080947935581,1380.07511860366,0.184631913900375,651.746729376294,0.0871932581067085,134.555282426836,0.0180013384670019,106.223176125746,0.0142109571024776,816.524101202099,0.10923782736063,1427.39275757941,0.190962255001068,490.565167084537,0.0656297504901886,7.76090603574965,0.00103828473947942,92.2895325249696,0.0123468590900302,0,0,0,0,754.934494978516,0.100998125970364,820.169308773175,0.109725497663021,7474.73765206337,41121100.171875
2016,"Both 5-9",12.6200317563427,0.000715989503078163,2.80285150385456,0.000159018003614619,403.698661050198,0.0229035876691341,703.08947303713,0.0398893356323242,39.0938816490522,0.00221796659752727,0,0,448.913461335136,0.0254688207060099,1101.66551543276,0.0625022947788239,3013.59108357031,0.170974180102348,565.198612005177,0.0320661850273609,319.942877533865,0.0181517563760281,165.83692412853,0.00940865278244019,1927.83467572685,0.109374478459358,2972.53659292639,0.168644979596138,3452.76881165898,0.19589065015316,41.0831849251691,0.00233082845807076,140.2485197567,0.00795691087841988,0,0,0,0,34.3048524814891,0.00194626406300813,2280.77065808343,0.129398077726364,17626.0010825396,85039159.1806641
2016,"Both 10-14",9.46827457234323,0.000553862191736698,1.17213926750356,6.85662016621791e-05,188.533032206461,0.011028547771275,394.36635280497,0.02306910417974,44.8792003635124,0.00262528215534985,1.05818487125257,6.19002530584112e-05,251.814327025045,0.0147302905097604,1007.59075668838,0.0589406676590443,2933.10956226874,0.171577036380768,739.02281927801,0.0432303473353386,319.132429038189,0.0186681728810072,151.141113093991,0.00884124636650085,1823.30770650909,0.106657363474369,2623.57323719149,0.153470203280449,3733.50921111897,0.218397721648216,52.0497699356568,0.00304473633877933,116.725498063781,0.00682804873213172,0,0,0,0,693.658017690929,0.040576659142971,2010.88998674166,0.117630295455456,17095.0007305145,82517613.8037109
2016,"Male 15-19",4.22810894383476,0.000232664955547079,0,0,92.9243379108844,0.00511345313861966,191.390359743123,0.0105318548157811,110.696818622333,0.00609143963083625,0,0,175.453812736034,0.00965489633381367,535.459192248355,0.0294653214514256,2323.21357417751,0.127842113375664,1611.63939747079,0.0886855125427246,176.282689127293,0.00970050785690546,171.63016659374,0.00944448821246624,1675.03159308262,0.0921738669276237,4926.35750031789,0.271088272333145,2333.2439685938,0.128394067287445,155.049186174707,0.00853206776082516,247.931796780994,0.0136432247236371,7.20177439762555,0.000396300223655999,0,0,1112.36115474193,0.0612111613154411,2322.42692436299,0.127798825502396,18172.5216584206,45883566.5693359
2016,"Female 15-19_(4)",8.41536192626574,0.00115778867620975,0.826043469595213,0.000113647372927517,67.1561405239344,0.0092393672093749,124.485846267334,0.0171268098056316,68.4690120187152,0.0094199925661087,21.4644284679972,0.00295308418571949,99.6936512252067,0.0137158902361989,352.40491380671,0.0484840013086796,1349.59937692722,0.185678392648697,666.296854515138,0.0916693732142448,133.297806976901,0.0183391626924276,96.3412511757634,0.0132546657696366,853.37024887579,0.117407001554966,1318.03733560201,0.18133607506752,467.888297781007,0.0643722489476204,19.9757769205063,0.00274827494286001,88.3072994204785,0.0121493516489863,0,0,0,0,754.651681176664,0.103825263679028,777.797048177962,0.10700961202383,7268.47834944725,40385131.2841797
2017,"Both 5-9",13.7168915258805,0.000800145324319601,2.08143577352918,0.000121416072943248,417.318039615066,0.0243433490395546,681.625378386245,0.0397611483931541,39.873932425616,0.00232595996931195,0,0,440.892714326084,0.0257185269147158,1106.82317526271,0.0645641461014748,3098.11164767125,0.180721670389175,588.190805095347,0.0343108437955379,334.272930041215,0.0194990914314985,162.361821691297,0.00947102718055248,1998.87969820521,0.116600342094898,2789.8287417274,0.162738651037216,3014.39792805535,0.17583841085434,101.80151478096,0.00593837210908532,130.416261971416,0.00760755175724626,0,0,0,0,36.3007411722581,0.00211752555333078,2186.10673109253,0.127521827816963,17143.0002887845,85643268.4018555
2017,"Both 10-14",8.26791817840256,0.000495055282954127,0.759623127234993,4.54836917924695e-05,175.096839306589,0.0104842130094767,363.036102543499,0.0217373874038458,35.3298400617363,0.00211543263867497,1.6608932951053,9.94487345451489e-05,252.335775773404,0.0151090221479535,1045.89062834942,0.0626244321465492,2959.51081084667,0.177205607295036,742.514668728739,0.0444592945277691,338.542039202575,0.0202707648277283,148.08006976575,0.00886653922498226,1957.59649345842,0.11721432954073,2461.65282137226,0.14739553630352,3342.67894567167,0.200148433446884,17.4575519169552,0.00104529981035739,111.619468140245,0.00668340036645532,0,0,0,0,758.017109730995,0.0453875288367271,1980.95265594126,0.118612818419933,16700.9997935295,82714038.8457031
2017,"Male 15-19",6.95150846366993,0.0004069724236615,0,0,80.5527656787035,0.00471591949462891,205.399641828161,0.0120250144973397,109.587676700603,0.00641575315967202,0,0,163.014310308885,0.00954358745366335,508.913502912045,0.0297940745949745,2295.16357328514,0.134369149804115,1538.02853516777,0.0900430753827095,193.209332409342,0.0113113392144442,190.168814207223,0.0111333336681128,1771.37766476214,0.103704378008842,4293.35449114555,0.251352190971375,2168.1702852347,0.126934394240379,15.2253672172748,0.000891361152753234,219.112326105322,0.0128278164193034,0,0,0,0,1183.45599443517,0.0692848116159439,2139.34457170258,0.125246807932854,17081.0307025909,45245050.1669922
2017,"Female 15-19_(4)",6.18613455012142,0.000858950486872345,1.58734318306537,0.000220404064748436,57.8211855064988,0.00802852492779493,121.064020821891,0.0168098509311676,64.0783170013398,0.00889733340591192,21.3920490477333,0.00297030573710799,93.6385742018394,0.0130018023774028,354.815433284275,0.0492664501070976,1336.01689801291,0.18550717830658,673.190766936299,0.0934731587767601,132.305402022029,0.0183707270771265,95.3938624541622,0.0132455257698894,907.640710288532,0.126026749610901,1216.56865243722,0.168921679258347,455.421320548286,0.0632356703281403,63.1230754728828,0.00876469723880291,96.0771542310355,0.0133404014632106,0,0,0,0,767.491095594692,0.106566846370697,738.156822634675,0.10249375551939,7201.96873354912,39674872.8476562
2018,"Both 5-9",14.3383134904796,0.000862195680383593,1.65227971636753,9.93553694570437e-05,447.109687927057,0.0268857311457396,685.967112930108,0.0412487760186195,36.8893284790649,0.00221823994070292,0,0,418.65443134656,0.0251746512949467,1125.03427839891,0.0676508918404579,3117.70506949089,0.187474757432938,569.488983567093,0.034244678914547,352.435817982531,0.0211927741765976,165.614711118083,0.00995879247784615,2064.20342468334,0.12412528693676,2597.75491925372,0.156208962202072,2718.46458897846,0.163467511534691,38.2493436556043,0.00230002077296376,136.957430452326,0.00823556445538998,0,0,0,0,42.273795390831,0.00254202028736472,2097.20502855265,0.126109749078751,16629.9992179275,86164080.0415039
2018,"Both 10-14",7.9380675808134,0.000483969488414004,0.398899195668133,2.43201557168504e-05,179.013288254987,0.0109141133725643,360.27889568731,0.0219655465334654,42.1195799675224,0.00256795389577746,1.18555893425735,7.22813638276421e-05,246.557108992814,0.0150321368128061,1076.78325798971,0.0656495094299316,2976.38234149438,0.181464597582817,765.322432623087,0.0466603115200996,334.35365496978,0.0203849319368601,152.945007259819,0.00932477787137032,2056.35656326479,0.125372305512428,2291.88750319268,0.139732196927071,3026.16793478655,0.184499934315681,2.06088284516852,0.000125648264656775,116.044350501981,0.00707501219585538,0,0,0,0,820.086145308558,0.0499991551041603,1946.11864137596,0.118651300668716,16402.0000658035,83144857.2919922
2018,"Male 15-19",10.6191922702643,0.000659412005916238,0,0,76.5384629022464,0.0047527514398098,225.351818366254,0.0139935025945306,110.335081207834,0.00685139466077089,0,0,149.301541954493,0.00927106570452452,485.286167796556,0.0301344506442547,2220.43521751599,0.137880697846413,1466.9145250816,0.0910898894071579,195.776415911163,0.0121569810435176,178.188923916049,0.0110648637637496,1813.16212078587,0.112590566277504,3707.55847358856,0.230225473642349,2003.25675085608,0.124394729733467,31.5112643635254,0.00195673131383955,186.597804981737,0.0115870237350464,9.52830731146908,0.000591672142036259,0,0,1245.99302536309,0.0773714929819107,1987.6774976037,0.12342731654644,16104.0323424339,44682602.2353516
2018,"Female 15-19_(4)",3.35349254953746,0.000468694284791127,2.78131003478098,0.000388724321965128,56.0956484591171,0.00784009788185358,123.517695638084,0.0172632075846195,66.3572465810899,0.00927428994327784,24.8021594911382,0.00346642499789596,98.786073505851,0.0138066411018372,368.551719711674,0.0515099056065083,1349.55064340015,0.188617289066315,683.622694253575,0.0955451801419258,138.004471896258,0.0192879233509302,96.6845459856964,0.0135129252448678,950.200082489384,0.132802844047546,1114.10322313484,0.155710443854332,446.404999847591,0.0623909160494804,7.65060469001379,0.00106927170418203,95.5219639694099,0.0133504392579198,0,0,0,0,780.881847673565,0.109138414263725,748.097658525665,0.104556396603584,7154.96787214279,39029876.7412109
2019,"Both 5-9",14.7532677809081,0.000912554445676506,1.55993600091361,9.64888968155719e-05,446.113044552487,0.0275940522551537,655.387212900573,0.0405385792255402,28.707147545727,0.00177566322963685,0,0,415.59571937092,0.0257064215838909,1126.74515064065,0.0696941390633583,3098.70626578741,0.191668599843979,547.739814157064,0.0338801145553589,356.267594492967,0.0220367163419724,154.944308157244,0.00958398636430502,2086.11890711056,0.129035621881485,2466.68101638434,0.152575060725212,2502.70891020249,0.154803544282913,31.0988390984684,0.00192359986249357,143.292310540828,0.00886325910687447,0,0,0,0,41.4780474775939,0.00256559951230884,2049.10281247501,0.126746013760567,16167.0000631809,86544801.5966797
2019,"Both 10-14",6.23517154103798,0.000387013307772577,0,0,189.807589996782,0.0117812417447567,359.209217921009,0.0222958978265524,63.3273667599638,0.00393069116398692,0.694543726941554,4.31099069828633e-05,237.243222576422,0.014725542627275,1103.94222297759,0.0685210227966309,2939.32424029169,0.18244206905365,774.620154848788,0.0480802021920681,329.965222660006,0.0204807408154011,154.877880010746,0.00961317587643862,2142.82356736998,0.133003756403923,2177.60216665044,0.135162442922592,2783.90267083437,0.17279514670372,25.4370494212567,0.00157886219676584,113.052211744353,0.00701708206906915,0,0,0,0,861.482927726029,0.0534717217087746,1847.45334845936,0.114670306444168,16111.0003604889,83692143.6660156
2019,"Male 15-19",10.3262546318392,0.000677953124977648,0,0,83.8788764217847,0.00550692854449153,269.831199787982,0.0177153199911118,109.576538772109,0.0071940659545362,0,0,145.513922701061,0.00955347530543804,447.42944583649,0.0293752383440733,2140.75073069891,0.140547439455986,1416.15799182299,0.0929755046963692,191.853891426021,0.0125958491116762,180.725216985106,0.0118652144446969,1805.78218781429,0.118555635213852,3244.88827510103,0.213037759065628,1845.86200143644,0.121187008917332,29.2144992598212,0.00191802950575948,158.833767748698,0.0104279676452279,0,0,0,0,1277.72587419225,0.0838869735598564,1873.1661666496,0.122979618608952,15231.5171232224,44286172.3447266
2019,"Female 15-19_(4)",0.944833380228789,0.000133366585941985,2.59076215498476,0.000365695275831968,52.4401883762714,0.00740211876109242,119.946263403485,0.016930840909481,72.6482352057909,0.0102545563131571,26.0849766359988,0.00368198705837131,94.1674014663892,0.0132920630276203,375.222572181155,0.0529639981687069,1363.63119060291,0.192481383681297,663.62354556632,0.0936728194355965,138.716741292717,0.0195803605020046,100.057045502153,0.0141234071925282,945.388021161751,0.133444875478745,1027.0757896777,0.144975394010544,449.599797415022,0.063462607562542,8.60732209180095,0.0012149540707469,96.9465525241111,0.013684350065887,0,0,0,0,805.466311386502,0.113694429397583,741.32615866552,0.104640819132328,7084.48352003098,38535390.0888672
